IdCompra,DocuCompra,Fecha,SubTotal,IGV,Total,IdProveedor
1,F/012-000262,2016-01-02 00:00:00,6078.1499999999996,1154.8499999999999,7233,20
2,F/015-000129,2016-01-02 00:00:00,273.52999999999997,51.969999999999999,325.5,95
3,F/015-001334,2016-01-02 00:00:00,2376.0500000000002,451.44999999999999,2827.5,80
4,F/018-000723,2016-01-02 00:00:00,586.54999999999995,111.45,698,59
5,F/004-000571,2016-01-02 00:00:00,1074.79,204.21000000000001,1279,18
6,F/012-001295,2016-01-02 00:00:00,1372.6900000000001,260.81,1633.5,52
7,F/013-000745,2016-01-02 00:00:00,1493.28,283.72000000000003,1777,91
8,F/005-001500,2016-01-07 00:00:00,3115.1300000000001,591.87,3707,68
9,F/019-000039,2016-01-07 00:00:00,5379.4099999999999,1022.09,6401.5,45
10,F/004-000609,2016-01-17 00:00:00,7457.5600000000004,1416.9400000000001,8874.5,83
11,F/016-000669,2016-01-17 00:00:00,2728.9899999999998,518.50999999999999,3247.5,41
12,F/012-000886,2016-01-17 00:00:00,1399.1600000000001,265.83999999999997,1665,50
13,F/004-000992,2016-01-17 00:00:00,2847.0599999999999,540.94000000000005,3388,85
14,F/003-000622,2016-01-17 00:00:00,6620.5900000000001,1257.9100000000001,7878.5,64
15,F/008-001162,2016-01-17 00:00:00,2481.9299999999998,471.56999999999999,2953.5,82
16,F/002-001199,2016-01-17 00:00:00,1052.9400000000001,200.06,1253,86
17,F/018-000732,2016-01-26 00:00:00,4630.25,879.75,5510,86
18,F/006-000281,2016-01-26 00:00:00,1832.77,348.23000000000002,2181,26
19,F/007-001330,2016-01-26 00:00:00,702.94000000000005,133.56,836.5,34
20,F/017-000517,2016-01-26 00:00:00,1757.1400000000001,333.86000000000001,2091,29
21,F/019-001248,2016-01-26 00:00:00,3694.1199999999999,701.88,4396,69
22,F/008-000879,2016-01-26 00:00:00,699.15999999999997,132.84,832,15
23,F/018-001278,2016-01-26 00:00:00,3973.5300000000002,754.97000000000003,4728.5,57
24,F/014-001120,2016-01-26 00:00:00,556.72000000000003,105.78,662.5,28
25,F/002-001325,2016-01-30 00:00:00,2424.3699999999999,460.63,2885,43
26,F/016-000525,2016-01-30 00:00:00,10396.389999999999,1975.3099999999999,12371.699999999999,10
27,F/009-001276,2016-02-08 00:00:00,4020.25,763.85000000000002,4784.1000000000004,59
28,F/005-000997,2016-02-08 00:00:00,2801.1799999999998,532.22000000000003,3333.3999999999996,95
29,F/016-001071,2016-02-08 00:00:00,3127.3099999999999,594.19000000000005,3721.5,44
30,F/017-000097,2016-02-08 00:00:00,3955.04,751.46000000000004,4706.5,78
31,F/005-001245,2016-02-08 00:00:00,2023.1099999999999,384.38999999999999,2407.5,91
32,F/008-000500,2016-02-08 00:00:00,6810.5,1294,8104.5,26
33,F/006-000534,2016-02-08 00:00:00,1649.1600000000001,313.33999999999997,1962.5,45
34,F/002-000258,2016-02-16 00:00:00,1751.6800000000001,332.81999999999999,2084.5,81
35,F/020-000838,2016-02-16 00:00:00,3137.8200000000002,596.17999999999995,3734,35
36,F/005-001118,2016-02-16 00:00:00,32560.080000000002,6186.4200000000001,38746.5,98
37,F/019-000578,2016-02-16 00:00:00,922.69000000000005,175.31,1098,47
38,F/020-000705,2016-02-24 00:00:00,2766.8099999999999,525.69000000000005,3292.5,9
39,F/013-001285,2016-02-24 00:00:00,34621.43,6578.0699999999997,41199.5,62
40,F/015-000035,2016-02-24 00:00:00,2757.5599999999999,523.94000000000005,3281.5,64
41,F/007-001161,2016-02-24 00:00:00,6632.3500000000004,1260.1500000000001,7892.5,78
42,F/012-001180,2016-02-24 00:00:00,3061.3400000000001,581.65999999999997,3643,34
43,F/018-001255,2016-02-24 00:00:00,2275.21,432.29000000000002,2707.5,55
44,F/010-000833,2016-02-24 00:00:00,6426.8900000000003,1221.1099999999999,7648,32
45,F/006-000129,2016-03-06 00:00:00,386.13,73.370000000000005,459.5,62
46,F/016-000528,2016-03-06 00:00:00,748.74000000000001,142.25999999999999,891,83
47,F/012-000370,2016-03-06 00:00:00,691.17999999999995,131.31999999999999,822.5,80
48,F/013-001013,2016-03-06 00:00:00,3516.1300000000001,668.07000000000005,4184.1999999999998,89
49,F/007-000133,2016-03-06 00:00:00,550.41999999999996,104.58,655,37
50,F/015-001362,2016-03-06 00:00:00,307.56,58.439999999999998,366,81
51,F/019-000850,2016-03-06 00:00:00,1411.76,268.24000000000001,1680,67
52,F/012-000624,2016-03-06 00:00:00,109.66,20.84,130.5,92
53,F/005-001501,2016-03-06 00:00:00,250,47.5,297.5,37
54,F/019-000040,2016-03-06 00:00:00,179.83000000000001,34.170000000000002,214,14
55,F/013-001296,2016-03-14 00:00:00,3716.3899999999999,706.11000000000001,4422.5,94
56,F/008-000748,2016-03-14 00:00:00,3581.0900000000001,680.40999999999997,4261.5,89
57,F/011-001055,2016-03-17 00:00:00,1252.9400000000001,238.06,1491,62
58,F/006-000686,2016-03-17 00:00:00,577.73000000000002,109.77,687.5,35
59,F/018-000093,2016-03-17 00:00:00,2543.6999999999998,483.30000000000001,3027,81
60,F/005-000717,2016-03-27 00:00:00,20.170000000000002,3.8300000000000001,24,22
61,F/011-001468,2016-03-27 00:00:00,2334.8699999999999,443.63,2778.5,97
62,F/016-000540,2016-03-27 00:00:00,3034.0300000000002,576.47000000000003,3610.5,16
63,F/007-000394,2016-03-27 00:00:00,3583.1900000000001,680.80999999999995,4264,87
64,F/008-001036,2016-03-27 00:00:00,2875.21,546.28999999999996,3421.5,95
65,F/009-000080,2016-03-27 00:00:00,1438.6600000000001,273.33999999999997,1712,5
66,F/008-000772,2016-03-27 00:00:00,2823.5300000000002,536.47000000000003,3360,76
67,F/013-000766,2016-03-27 00:00:00,1953.3599999999999,371.13999999999999,2324.5,93
68,F/018-000090,2016-03-31 00:00:00,1910.5,363,2273.5,65
69,F/007-001067,2016-03-31 00:00:00,567.23000000000002,107.77,675,83
70,F/006-001502,2016-03-31 00:00:00,4370.5900000000001,830.40999999999997,5201,6
71,F/018-000736,2016-04-10 00:00:00,2759.6599999999999,524.34000000000003,3284,86
72,F/010-000314,2016-04-14 00:00:00,1418.49,269.50999999999999,1688,36
73,F/005-000450,2016-04-14 00:00:00,312.18000000000001,59.32,371.5,39
74,F/016-000009,2016-04-24 00:00:00,1898.74,360.75999999999999,2259.5,15
75,F/014-001381,2016-04-24 00:00:00,382.35000000000002,72.650000000000006,455,46
76,F/020-001505,2016-04-24 00:00:00,884.87,168.13,1053,57
77,F/014-000201,2016-04-24 00:00:00,1562.1800000000001,296.81999999999999,1859,5
78,F/012-000911,2016-04-30 00:00:00,7760.5,1474.5,9235,51
79,F/011-000945,2016-04-30 00:00:00,3600,684,4284,70
80,F/006-001082,2016-04-30 00:00:00,282.35000000000002,53.649999999999999,336,41
81,F/019-001119,2016-05-07 00:00:00,1607.1400000000001,305.36000000000001,1912.5,44
82,F/011-001358,2016-05-07 00:00:00,336.13,63.869999999999997,400,79
83,F/010-001392,2016-05-07 00:00:00,10016.809999999999,1903.1900000000001,11920,98
84,F/003-001050,2016-05-07 00:00:00,7691.1800000000003,1461.3199999999999,9152.5,79
85,F/012-000502,2016-05-13 00:00:00,855.88,162.62,1018.5,74
86,F/018-001172,2016-05-20 00:00:00,216.81,41.189999999999998,258,19
87,F/020-000297,2016-05-27 00:00:00,217.65000000000001,41.350000000000001,259,59
88,F/008-001445,2016-05-27 00:00:00,2931.5100000000002,556.99000000000001,3488.5,72
89,F/010-000570,2016-05-27 00:00:00,2297.9000000000001,436.60000000000002,2734.5,7
90,F/019-001256,2016-05-27 00:00:00,201.68000000000001,38.32,240,2
91,F/018-000744,2016-05-27 00:00:00,1530.25,290.75,1821,86
92,F/010-001495,2016-05-31 00:00:00,1093.28,207.72,1301,36
93,F/019-000034,2016-05-31 00:00:00,319.32999999999998,60.670000000000002,380,14
94,F/015-001355,2016-05-31 00:00:00,10520.59,1998.9100000000001,12519.5,50
95,F/014-000337,2016-05-31 00:00:00,834.02999999999997,158.47,992.5,30
96,F/015-000685,2016-05-31 00:00:00,9235.7099999999991,1754.79,10990.5,32
97,F/008-000638,2016-05-31 00:00:00,1613.8699999999999,306.63,1920.5,20
98,F/003-001433,2016-05-31 00:00:00,684.02999999999997,129.97,814,50
99,F/014-000334,2016-05-31 00:00:00,6077.3100000000004,1154.6900000000001,7232,71
100,F/002-001057,2016-05-31 00:00:00,1136.1300000000001,215.87,1352,12
101,F/011-000818,2016-06-06 00:00:00,1865.55,354.44999999999999,2220,77
102,F/014-000059,2016-06-06 00:00:00,2192.8600000000001,416.63999999999999,2609.5,46
103,F/003-000366,2016-06-06 00:00:00,6554.79,1245.4100000000001,7800.1999999999998,20
104,F/009-000065,2016-06-06 00:00:00,1148.74,218.25999999999999,1367,30
105,F/014-001281,2016-06-06 00:00:00,1157.5599999999999,219.94,1377.5,3
106,F/018-000751,2016-06-06 00:00:00,320.58999999999997,60.909999999999997,381.5,19
107,F/020-000300,2016-06-06 00:00:00,64600.839999999997,12274.16,76875,33
108,F/007-000130,2016-06-11 00:00:00,2897.9000000000001,550.60000000000002,3448.5,36
109,F/015-001359,2016-06-11 00:00:00,677.73000000000002,128.77000000000001,806.5,50
110,F/003-000492,2016-06-11 00:00:00,7684.8699999999999,1460.1300000000001,9145,23
111,F/015-001496,2016-06-11 00:00:00,4961.3400000000001,942.65999999999997,5904,75
112,F/017-000246,2016-06-11 00:00:00,5215.5500000000002,990.95000000000005,6206.5,78
113,F/010-001373,2016-06-11 00:00:00,2029.8299999999999,385.67000000000002,2415.5,85
114,F/005-000994,2016-06-20 00:00:00,845.38,160.62,1006,22
115,F/016-001068,2016-06-20 00:00:00,3544.96,673.53999999999996,4218.5,44
116,F/004-000618,2016-06-20 00:00:00,5971.4300000000003,1134.5699999999999,7106,84
117,F/013-000379,2016-06-20 00:00:00,1129.4100000000001,214.59,1344,23
118,F/012-000896,2016-06-20 00:00:00,523.95000000000005,99.549999999999997,623.5,50
119,F/005-001101,2016-06-22 00:00:00,4769.75,906.25,5676,92
120,F/006-001066,2016-06-22 00:00:00,739.5,140.5,880,73
121,F/007-000787,2016-06-22 00:00:00,635.28999999999996,120.70999999999999,756,9
122,F/014-000318,2016-06-22 00:00:00,5522.1800000000003,1049.22,6571.3999999999996,48
123,F/019-000312,2016-06-22 00:00:00,2198.7399999999998,417.75999999999999,2616.5,65
124,F/003-001035,2016-06-22 00:00:00,3222.6900000000001,612.30999999999995,3835,5
125,F/010-000585,2016-06-22 00:00:00,2140.3400000000001,406.66000000000003,2547,45
126,F/006-001239,2016-06-22 00:00:00,1815.1300000000001,344.87,2160,28
127,F/017-000392,2016-06-22 00:00:00,8488.6599999999999,1612.8399999999999,10101.5,4
128,F/017-000638,2016-06-26 00:00:00,1179.4100000000001,224.09,1403.5,49
129,F/016-000802,2016-06-26 00:00:00,4074.79,774.21000000000004,4849,55
130,F/010-000839,2016-06-26 00:00:00,1394.1199999999999,264.88,1659,32
131,F/016-001084,2016-06-26 00:00:00,8630.7600000000002,1639.8399999999999,10270.6,76
132,F/017-000259,2016-06-26 00:00:00,5190.3400000000001,986.15999999999997,6176.5,78
133,F/014-000086,2016-06-26 00:00:00,2060.9200000000001,391.57999999999998,2452.5,85
134,F/018-001417,2016-06-26 00:00:00,261.75999999999999,49.740000000000002,311.5,15
135,F/019-000461,2016-06-26 00:00:00,3212.1799999999998,610.32000000000005,3822.5,23
136,F/002-001479,2016-06-26 00:00:00,279.41000000000003,53.090000000000003,332.5,69
137,F/016-000148,2016-06-26 00:00:00,2639.5,501.5,3141,40
138,F/012-001202,2016-07-01 00:00:00,2631.0900000000001,499.91000000000003,3131,57
139,F/014-001550,2016-07-01 00:00:00,8185.9700000000003,1555.3299999999999,9741.2999999999993,59
140,F/006-001079,2016-07-01 00:00:00,1067.6500000000001,202.84999999999999,1270.5,73
141,F/002-000799,2016-07-09 00:00:00,389.5,74,463.5,10
142,F/010-001530,2016-07-09 00:00:00,603.77999999999997,114.72,718.5,24
143,F/018-001161,2016-07-09 00:00:00,320.17000000000002,60.829999999999998,381,95
144,F/017-000649,2016-07-09 00:00:00,652.94000000000005,124.06,777,81
145,F/009-001400,2016-07-13 00:00:00,3963.4499999999998,753.04999999999995,4716.5,31
146,F/019-000447,2016-07-13 00:00:00,625.21000000000004,118.79000000000001,744,90
147,F/019-000065,2016-07-13 00:00:00,4921.6000000000004,935.10000000000002,5856.6999999999998,69
148,F/017-000645,2016-07-13 00:00:00,2966.8099999999999,563.69000000000005,3530.5,49
149,F/001-001108,2016-07-13 00:00:00,2760.9200000000001,524.58000000000004,3285.5,80
150,F/003-000910,2016-07-13 00:00:00,3742.8600000000001,711.13999999999999,4454,22
151,F/001-001490,2016-07-13 00:00:00,2444.96,464.54000000000002,2909.5,2
152,F/019-000172,2016-07-13 00:00:00,434.87,82.629999999999995,517.5,65
153,F/014-000094,2016-07-16 00:00:00,12247.9,2327.0999999999999,14574.999999999998,85
154,F/018-001425,2016-07-16 00:00:00,448.74000000000001,85.260000000000005,534,15
155,F/018-000367,2016-07-19 00:00:00,6467.6499999999996,1228.8499999999999,7696.5,66
156,F/004-000612,2016-07-19 00:00:00,2244.54,426.45999999999998,2671,83
157,F/007-001469,2016-07-19 00:00:00,630.25,119.75,750,18
158,F/011-000410,2016-07-19 00:00:00,1624.3699999999999,308.63,1933,68
159,F/019-000718,2016-07-19 00:00:00,1422.6900000000001,270.31,1693,42
160,F/019-000205,2016-07-19 00:00:00,5020.1700000000001,953.83000000000004,5974,27
161,F/006-000829,2016-07-19 00:00:00,2429.8299999999999,461.67000000000002,2891.5,60
162,F/002-000003,2016-07-23 00:00:00,1030.6700000000001,195.83000000000001,1226.5,62
163,F/003-000646,2016-07-23 00:00:00,345.80000000000001,65.700000000000003,411.5,71
164,F/009-001267,2016-07-23 00:00:00,5541.6000000000004,1052.9000000000001,6594.5,54
165,F/011-001224,2016-07-23 00:00:00,8438.6599999999999,1603.3399999999999,10042,54
166,F/013-000774,2016-07-23 00:00:00,2155.04,409.45999999999998,2564.5,93
167,F/015-001497,2016-07-23 00:00:00,4352.9399999999996,827.05999999999995,5180,34
168,F/007-000650,2016-07-26 00:00:00,5855.46,1112.54,6968,83
169,F/001-000687,2016-07-26 00:00:00,2177.3099999999999,413.69,2591,54
170,F/003-000913,2016-07-26 00:00:00,8201.6800000000003,1558.3199999999999,9760,22
171,F/015-001493,2016-07-26 00:00:00,2517.23,478.26999999999998,2995.5,75
172,F/017-000243,2016-08-04 00:00:00,2428.1500000000001,461.35000000000002,2889.5,46
173,F/012-000387,2016-08-04 00:00:00,535.71000000000004,101.79000000000001,637.5,55
174,F/007-000394,2016-08-04 00:00:00,627.73000000000002,119.27,747,65
175,F/009-001542,2016-08-04 00:00:00,632.35000000000002,120.15000000000001,752.5,6
176,F/011-000667,2016-08-04 00:00:00,544.96000000000004,103.54000000000001,648.5,19
177,F/006-000834,2016-08-04 00:00:00,5389.9200000000001,1024.0799999999999,6414,10
178,F/019-000841,2016-08-04 00:00:00,865.13,164.37,1029.5,92
179,F/011-000418,2016-08-09 00:00:00,1987.8199999999999,377.68000000000001,2365.5,42
180,F/007-000555,2016-08-09 00:00:00,1065.97,202.53,1268.5,46
181,F/003-000512,2016-08-09 00:00:00,6528.6599999999999,1240.4400000000001,7769.1000000000004,46
182,F/009-001263,2016-08-15 00:00:00,547.48000000000002,104.02,651.5,22
183,F/005-001399,2016-08-15 00:00:00,4722.9399999999996,897.36000000000001,5620.2999999999993,98
184,F/003-001058,2016-08-15 00:00:00,3042.4400000000001,578.05999999999995,3620.5,80
185,F/004-000084,2016-08-15 00:00:00,7114.29,1351.71,8466,14
186,F/008-000788,2016-08-15 00:00:00,999.58000000000004,189.91999999999999,1189.5,77
187,F/016-000419,2016-08-15 00:00:00,355.88,67.620000000000005,423.5,23
188,F/015-001505,2016-08-15 00:00:00,1907.98,362.51999999999998,2270.5,8
189,F/001-000127,2016-08-18 00:00:00,5547.4799999999996,1054.02,6601.5,51
190,F/004-000434,2016-08-18 00:00:00,1068.49,203.00999999999999,1271.5,24
191,F/005-000400,2016-08-18 00:00:00,908.82000000000005,172.68000000000001,1081.5,5
192,F/010-001070,2016-08-18 00:00:00,5516.8100000000004,1048.1900000000001,6565,49
193,F/008-000710,2016-08-25 00:00:00,4273.1099999999997,811.88999999999999,5085,56
194,F/012-000362,2016-08-25 00:00:00,175.21000000000001,33.289999999999999,208.5,53
195,F/002-000369,2016-08-25 00:00:00,102.09999999999999,19.399999999999999,121.5,63
196,F/009-001517,2016-08-25 00:00:00,914.71000000000004,173.78999999999999,1088.5,77
197,F/011-000642,2016-08-25 00:00:00,1550.8399999999999,294.66000000000003,1845.5,17
198,F/007-000094,2016-08-29 00:00:00,1295.3800000000001,246.12,1541.5,12
199,F/003-001412,2016-08-29 00:00:00,939.5,178.5,1118,48
200,F/011-001043,2016-08-29 00:00:00,6906.3000000000002,1312.2,8218.5,93
201,F/016-001037,2016-08-29 00:00:00,3645.3800000000001,692.62,4338,4
202,F/003-000062,2016-08-29 00:00:00,2411.7600000000002,458.24000000000001,2870,44
203,F/005-001210,2016-08-29 00:00:00,2394.54,454.95999999999998,2849.5,84
204,F/007-000336,2016-08-29 00:00:00,835.28999999999996,158.71000000000001,994,97
205,F/014-001483,2016-08-29 00:00:00,1512.6099999999999,287.38999999999999,1800,38
206,F/008-001150,2016-09-01 00:00:00,7397.0600000000004,1405.4400000000001,8802.5,20
207,F/003-001286,2016-09-01 00:00:00,2281.9299999999998,433.56999999999999,2715.5,96
208,F/011-001593,2016-09-01 00:00:00,2666.8099999999999,506.69,3173.5,96
209,F/019-001224,2016-09-01 00:00:00,2564.71,487.29000000000002,3052,62
210,F/007-000756,2016-09-01 00:00:00,7087.8199999999997,1346.6800000000001,8434.5,8
211,F/018-001255,2016-09-01 00:00:00,2374.3699999999999,451.13,2825.5,55
212,F/014-001097,2016-09-01 00:00:00,28655.880000000001,5444.6199999999999,34100.5,26
213,F/010-000141,2016-09-01 00:00:00,5779.4099999999999,1098.0899999999999,6877.5,53
214,F/014-000952,2016-09-01 00:00:00,554.62,105.38,660,68
215,F/016-000126,2016-09-01 00:00:00,5890.5900000000001,1119.21,7009.7999999999993,70
216,F/008-001253,2016-09-09 00:00:00,1656.3,314.69999999999999,1971,58
217,F/004-000973,2016-09-09 00:00:00,13812.18,2624.3200000000002,16436.5,88
218,F/014-000948,2016-09-09 00:00:00,1605.8800000000001,305.12,1911,36
219,F/017-000074,2016-09-09 00:00:00,6565.8000000000002,1247.5,7813.2999999999993,76
220,F/005-001222,2016-09-09 00:00:00,1780.25,338.25,2118.5,90
221,F/007-000477,2016-09-09 00:00:00,1573.53,298.97000000000003,1872.5,92
222,F/002-000617,2016-09-09 00:00:00,963.87,183.13,1147,1
223,F/002-000235,2016-09-09 00:00:00,6594.96,1253.04,7848,79
224,F/004-000418,2016-09-16 00:00:00,813.87,154.63,968.5,69
225,F/017-000455,2016-09-16 00:00:00,484.02999999999997,91.969999999999999,576,40
226,F/019-000681,2016-09-16 00:00:00,6960.5,1322.5,8283,8
227,F/003-000865,2016-09-23 00:00:00,3414.29,648.71000000000004,4063,96
228,F/006-001172,2016-09-23 00:00:00,3261.3400000000001,619.65999999999997,3881,96
229,F/017-001526,2016-09-23 00:00:00,1244.1199999999999,236.38,1480.5,60
230,F/016-000508,2016-09-23 00:00:00,1102.9400000000001,209.56,1312.5,40
231,F/017-000856,2016-09-23 00:00:00,7957.8999999999996,1512,9469.8999999999996,43
232,F/009-000710,2016-10-02 00:00:00,1197.9000000000001,227.59999999999999,1425.5,24
233,F/005-000006,2016-10-02 00:00:00,85998.740000000005,16339.76,102338.5,60
234,F/016-000505,2016-10-02 00:00:00,1354.6199999999999,257.38,1612,82
235,F/012-000347,2016-10-02 00:00:00,435.29000000000002,82.709999999999994,518,48
236,F/020-000280,2016-10-02 00:00:00,1441.5999999999999,273.89999999999998,1715.5,31
237,F/003-001003,2016-10-02 00:00:00,3435.71,652.78999999999996,4088.5,71
238,F/004-000178,2016-10-05 00:00:00,10945.799999999999,2079.6999999999998,13025.5,73
239,F/012-001276,2016-10-05 00:00:00,847.05999999999995,160.94,1008,25
240,F/019-000826,2016-10-05 00:00:00,295.80000000000001,56.200000000000003,352,59
241,F/005-001478,2016-10-05 00:00:00,1078.1500000000001,204.84999999999999,1283,35
242,F/019-000016,2016-10-05 00:00:00,237.38999999999999,45.109999999999999,282.5,13
243,F/002-001416,2016-10-05 00:00:00,4236.5500000000002,804.95000000000005,5041.5,80
244,F/004-000697,2016-10-05 00:00:00,2792.02,530.48000000000002,3322.5,52
245,F/020-001469,2016-10-09 00:00:00,628.99000000000001,119.51000000000001,748.5,54
246,F/008-000970,2016-10-09 00:00:00,250,47.5,297.5,33
247,F/005-000663,2016-10-09 00:00:00,355.45999999999998,67.540000000000006,423,33
248,F/018-000070,2016-10-09 00:00:00,2647.48,503.01999999999998,3150.5,86
249,F/018-000318,2016-10-09 00:00:00,1479.8299999999999,281.17000000000002,1761,82
250,F/011-001444,2016-10-18 00:00:00,1638.24,311.25999999999999,1949.5,96
251,F/016-000516,2016-10-18 00:00:00,2258.4000000000001,429.10000000000002,2687.5,15
252,F/006-000371,2016-10-18 00:00:00,16036.549999999999,3046.9499999999998,19083.5,85
253,F/008-001013,2016-10-18 00:00:00,265.13,50.369999999999997,315.5,94
254,F/009-000057,2016-10-18 00:00:00,191.59999999999999,36.399999999999999,228,3
255,F/008-000849,2016-10-18 00:00:00,2196.6399999999999,417.36000000000001,2614,81
256,F/013-000743,2016-10-18 00:00:00,4358.8199999999997,828.17999999999995,5187,91
257,F/020-001466,2016-10-18 00:00:00,7439.5,1413.5,8853,32
258,F/018-000066,2016-10-18 00:00:00,453.77999999999997,86.219999999999999,540,64
259,F/007-001295,2016-10-21 00:00:00,158.81999999999999,30.18,189,10
260,F/015-001351,2016-10-21 00:00:00,565.13,107.37,672.5,81
261,F/018-000713,2016-10-21 00:00:00,3777.3099999999999,717.69000000000005,4495,84
262,F/006-000263,2016-10-21 00:00:00,2811.7600000000002,534.24000000000001,3346,25
263,F/008-001410,2016-10-21 00:00:00,718.90999999999997,136.59,855.5,39
264,F/018-000598,2016-10-21 00:00:00,981.92999999999995,186.56999999999999,1168.5,34
265,F/016-001584,2016-10-21 00:00:00,3748.7399999999998,712.25999999999999,4461,13
266,F/019-000839,2016-10-24 00:00:00,2131.0900000000001,404.91000000000003,2536,47
267,F/006-000259,2016-10-24 00:00:00,465.13,88.370000000000005,553.5,93
268,F/012-001010,2016-10-24 00:00:00,2003.78,380.72000000000003,2384.5,43
269,F/012-000758,2016-10-24 00:00:00,3702.9400000000001,703.55999999999995,4406.5,56
270,F/011-000922,2016-10-31 00:00:00,1658.8199999999999,315.18000000000001,1974,69
271,F/006-001058,2016-10-31 00:00:00,331.93000000000001,63.07,395,46
272,F/002-000779,2016-10-31 00:00:00,3771.6799999999998,716.62,4488.2999999999993,82
273,F/009-000310,2016-10-31 00:00:00,1062.1800000000001,201.81999999999999,1264,48
274,F/014-001477,2016-10-31 00:00:00,2087.8200000000002,396.68000000000001,2484.5,64
275,F/019-001225,2016-11-05 00:00:00,3244.1199999999999,616.38,3860.5,37
276,F/012-001155,2016-11-05 00:00:00,2128.5700000000002,404.43000000000001,2533,100
277,F/017-001149,2016-11-05 00:00:00,1121.76,213.13999999999999,1334.9000000000001,18
278,F/007-000910,2016-11-05 00:00:00,737.82000000000005,140.18000000000001,878,56
279,F/012-001025,2016-11-05 00:00:00,1590.76,302.24000000000001,1893,7
280,F/006-001062,2016-11-05 00:00:00,1959.6600000000001,372.33999999999997,2332,77
281,F/018-000721,2016-11-05 00:00:00,2981.9299999999998,566.57000000000005,3548.5,85
282,F/020-000270,2016-11-05 00:00:00,1354.6199999999999,257.38,1612,98
283,F/005-000550,2016-11-05 00:00:00,226.47,43.030000000000001,269.5,62
284,F/017-000758,2016-11-10 00:00:00,838.24000000000001,159.25999999999999,997.5,78
285,F/013-001400,2016-11-10 00:00:00,1637.3900000000001,311.11000000000001,1948.5,14
286,F/013-000314,2016-11-10 00:00:00,544.53999999999996,103.45999999999999,648,28
287,F/015-000662,2016-11-10 00:00:00,7951.2600000000002,1510.74,9462,31
288,F/007-000515,2016-11-18 00:00:00,320.58999999999997,60.909999999999997,381.5,12
289,F/003-001409,2016-11-18 00:00:00,995.38,189.12,1184.5,48
290,F/014-000310,2016-11-18 00:00:00,4835.71,918.78999999999996,5754.5,70
291,F/002-001034,2016-11-18 00:00:00,589.91999999999996,112.08,702,10
292,F/014-001093,2016-11-18 00:00:00,1390.76,264.24000000000001,1655,94
293,F/014-000035,2016-11-28 00:00:00,3759.8299999999999,714.37,4474.1999999999998,45
294,F/003-000342,2016-11-28 00:00:00,8148.3199999999997,1548.1800000000001,9696.5,18
295,F/007-001540,2016-11-28 00:00:00,1315.55,249.94999999999999,1565.5,22
296,F/012-001158,2016-11-28 00:00:00,1553.78,295.22000000000003,1849,1
297,F/001-000789,2016-11-28 00:00:00,976.04999999999995,185.44999999999999,1161.5,46
298,F/020-000277,2016-12-08 00:00:00,1973.1099999999999,374.88999999999999,2348,31
299,F/002-000502,2016-12-08 00:00:00,2232.77,424.23000000000002,2657,40
300,F/020-001206,2016-12-08 00:00:00,414.70999999999998,78.790000000000006,493.5,4
301,F/010-000803,2016-12-11 00:00:00,15344.120000000001,2915.3800000000001,18259.5,30
302,F/020-000537,2016-12-11 00:00:00,1554.6199999999999,295.38,1850,59
303,F/014-001079,2016-12-11 00:00:00,588.24000000000001,111.76000000000001,700,61
304,F/007-001284,2016-12-11 00:00:00,8406.1299999999992,1597.1700000000001,10003.299999999999,4
305,F/015-001339,2016-12-11 00:00:00,1193.7,226.80000000000001,1420.5,49
306,F/004-000970,2016-12-11 00:00:00,1660.5,315.5,1976,21
307,F/019-001344,2016-12-11 00:00:00,2819.75,535.75,3355.5,61
308,F/015-000012,2016-12-11 00:00:00,8531.9300000000003,1621.0699999999999,10153,32
309,F/012-001167,2016-12-18 00:00:00,2026.8900000000001,385.11000000000001,2412,55
310,F/013-001514,2016-12-18 00:00:00,798.32000000000005,151.68000000000001,950,51
311,F/013-000459,2016-12-18 00:00:00,1237.8199999999999,235.18000000000001,1473,59
312,F/009-001101,2016-12-18 00:00:00,748.74000000000001,142.25999999999999,891,94
313,F/014-000043,2016-12-28 00:00:00,2321.4299999999998,441.06999999999999,2762.5,19
314,F/003-000350,2016-12-28 00:00:00,8518.0699999999997,1618.4300000000001,10136.5,19
315,F/015-000518,2016-12-28 00:00:00,900.84000000000003,171.16,1072,72
316,F/013-000717,2016-12-28 00:00:00,2195.3800000000001,417.12,2612.5,5
317,F/008-000096,2016-12-28 00:00:00,457.56,86.939999999999998,544.5,22
318,F/016-000403,2016-12-31 00:00:00,3519.3299999999999,668.66999999999996,4188,22
319,F/014-001389,2016-12-31 00:00:00,5896.7200000000003,1120.3800000000001,7017.0999999999995,1
320,F/012-001163,2016-12-31 00:00:00,691.17999999999995,131.31999999999999,822.5,33
321,F/004-000065,2016-12-31 00:00:00,3304.1999999999998,627.79999999999995,3932,81
322,F/010-000816,2016-12-31 00:00:00,6511.5100000000002,1237.1900000000001,7748.6999999999998,31
323,F/018-000848,2016-12-31 00:00:00,160.08000000000001,30.420000000000002,190.5,78
324,F/019-001490,2016-12-31 00:00:00,2544.96,483.54000000000002,3028.5,87
325,F/002-000909,2016-12-31 00:00:00,263.44999999999999,50.049999999999997,313.5,34
326,F/014-001087,2017-01-02 00:00:00,800.41999999999996,152.08000000000001,952.5,93
327,F/009-001231,2017-01-02 00:00:00,273.52999999999997,51.969999999999999,325.5,71
328,F/008-001265,2017-01-02 00:00:00,731.92999999999995,139.06999999999999,871,84
329,F/009-000967,2017-01-02 00:00:00,1107.1400000000001,210.36000000000001,1317.5,52
330,F/006-000378,2017-01-02 00:00:00,4893.1099999999997,929.69000000000005,5822.7999999999993,18
331,F/006-000921,2017-01-02 00:00:00,855.46000000000004,162.53999999999999,1018,20
332,F/006-000539,2017-01-05 00:00:00,2789.5,530,3319.5,67
333,F/008-001265,2017-01-05 00:00:00,8981.9300000000003,1706.5699999999999,10688.5,39
334,F/012-000865,2017-01-05 00:00:00,15780.67,2998.3299999999999,18779,17
335,F/014-000692,2017-01-05 00:00:00,4438.3999999999996,843.29999999999995,5281.6999999999998,49
336,F/014-001362,2017-01-07 00:00:00,2433.1900000000001,462.31,2895.5,67
337,F/014-000012,2017-01-07 00:00:00,4970.5900000000001,944.40999999999997,5915,63
338,F/001-000641,2017-01-14 00:00:00,786.54999999999995,149.44999999999999,936,46
339,F/015-001202,2017-01-14 00:00:00,2393.6999999999998,454.80000000000001,2848.5,23
340,F/006-001341,2017-01-14 00:00:00,693.27999999999997,131.72,825,78
341,F/007-001559,2017-01-14 00:00:00,1854.2,352.30000000000001,2206.5,86
342,F/003-000603,2017-01-14 00:00:00,1999.5799999999999,379.92000000000002,2379.5,95
343,F/014-000808,2017-01-14 00:00:00,3297.0599999999999,626.44000000000005,3923.5,29
344,F/007-000738,2017-01-14 00:00:00,552.51999999999998,104.98,657.5,1
345,F/001-000793,2017-01-14 00:00:00,1874.96,356.24000000000001,2231.1999999999998,46
346,F/020-000281,2017-01-24 00:00:00,1951.26,370.74000000000001,2322,31
347,F/003-001004,2017-01-24 00:00:00,6353.0299999999997,1207.0699999999999,7560.0999999999995,71
348,F/005-000011,2017-01-24 00:00:00,94.540000000000006,17.960000000000001,112.5,29
349,F/014-001240,2017-01-24 00:00:00,1706.3,324.19999999999999,2030.5,74
350,F/018-000728,2017-01-24 00:00:00,485.29000000000002,92.209999999999994,577.5,59
351,F/002-001248,2017-01-24 00:00:00,1078.1500000000001,204.84999999999999,1283,21
352,F/019-000394,2017-01-24 00:00:00,2497.9000000000001,474.60000000000002,2972.5,87
353,F/012-001521,2017-01-24 00:00:00,1288.6600000000001,244.84,1533.5,74
354,F/017-000168,2017-01-24 00:00:00,2665.04,506.36000000000001,3171.3999999999996,19
355,F/004-000403,2017-02-03 00:00:00,28494.959999999999,5414.04,33909,22
356,F/014-000103,2017-02-03 00:00:00,4815.1300000000001,914.87,5730,32
357,F/014-000642,2017-02-14 00:00:00,1559.24,296.25999999999999,1855.5,83
358,F/016-000730,2017-02-22 00:00:00,2251.6799999999998,427.81999999999999,2679.5,76
359,F/012-001372,2017-02-22 00:00:00,1021.85,194.15000000000001,1216,85
360,F/014-001590,2017-02-25 00:00:00,42.020000000000003,7.9800000000000004,50,93
361,F/006-000197,2017-02-25 00:00:00,2302.52,437.48000000000002,2740,29
362,F/006-000063,2017-02-25 00:00:00,1212.6099999999999,230.38999999999999,1443,10
363,F/002-001381,2017-02-25 00:00:00,515.13,97.870000000000005,613,46
364,F/010-001012,2017-02-25 00:00:00,4133.1899999999996,785.30999999999995,4918.5,91
365,F/016-001006,2017-02-25 00:00:00,988.24000000000001,187.75999999999999,1176,77
366,F/009-000672,2017-02-28 00:00:00,942.01999999999998,178.97999999999999,1121,90
367,F/004-001061,2017-02-28 00:00:00,12192.02,2316.48,14508.5,94
368,F/012-001116,2017-03-03 00:00:00,1669.3299999999999,317.17000000000002,1986.5,66
369,F/019-000647,2017-03-03 00:00:00,2171.4299999999998,412.56999999999999,2584,6
370,F/008-000278,2017-03-03 00:00:00,2798.3200000000002,531.67999999999995,3330,77
371,F/014-001575,2017-03-03 00:00:00,15259.24,2899.2600000000002,18158.5,87
372,F/012-001528,2017-03-03 00:00:00,3596.2199999999998,683.27999999999997,4279.5,93
373,F/020-001561,2017-03-03 00:00:00,1485.29,282.20999999999998,1767.5,24
374,F/016-000605,2017-03-03 00:00:00,1568.9100000000001,298.08999999999997,1867,32
375,F/006-000748,2017-03-14 00:00:00,910.08000000000004,172.91999999999999,1083,92
376,F/004-000812,2017-03-14 00:00:00,125907.56,23922.439999999999,149830,98
377,F/018-000949,2017-03-14 00:00:00,751.67999999999995,142.81999999999999,894.5,3
378,F/004-001194,2017-03-14 00:00:00,7467.2299999999996,1418.77,8886,47
379,F/012-000955,2017-03-14 00:00:00,1583.6099999999999,300.88999999999999,1884.5,54
380,F/011-000992,2017-03-14 00:00:00,108602.52,20634.48,129237,5
381,F/006-001129,2017-03-14 00:00:00,1284.96,244.13999999999999,1529.0999999999999,81
382,F/008-000931,2017-03-14 00:00:00,3853.3600000000001,732.13999999999999,4585.5,50
383,F/020-000238,2017-03-24 00:00:00,987.82000000000005,187.68000000000001,1175.5,96
384,F/019-001576,2017-03-24 00:00:00,701.25999999999999,133.24000000000001,834.5,10
385,F/002-000204,2017-03-24 00:00:00,2508.8200000000002,476.68000000000001,2985.5,77
386,F/019-000784,2017-03-24 00:00:00,1015.13,192.87,1208,50
387,F/008-001362,2017-03-24 00:00:00,1386.55,263.44999999999999,1650,14
388,F/016-000993,2017-03-24 00:00:00,746.22000000000003,141.78,888,85
389,F/015-000481,2017-03-24 00:00:00,1331.9300000000001,253.06999999999999,1585,70
390,F/007-001232,2017-03-27 00:00:00,5299.1599999999999,1006.84,6306,14
391,F/006-000204,2017-03-27 00:00:00,877.73000000000002,166.77000000000001,1044.5,58
392,F/005-000369,2017-03-27 00:00:00,4079.4099999999999,775.09000000000003,4854.5,71
393,F/019-000757,2017-03-27 00:00:00,3258.8200000000002,619.17999999999995,3878,44
394,F/019-000253,2017-03-27 00:00:00,3421.0100000000002,649.99000000000001,4071,61
395,F/002-000976,2017-03-27 00:00:00,660.5,125.5,786,2
396,F/009-000526,2017-03-27 00:00:00,5543.6999999999998,1053.3,6597,42
397,F/008-000690,2017-04-02 00:00:00,7001.3400000000001,1330.26,8331.6000000000004,48
398,F/019-000249,2017-04-02 00:00:00,4308.8199999999997,818.67999999999995,5127.5,29
399,F/002-000972,2017-04-02 00:00:00,2258.4000000000001,429.10000000000002,2687.5,69
400,F/006-000078,2017-04-02 00:00:00,150,28.5,178.5,33
401,F/014-001307,2017-04-08 00:00:00,63.030000000000001,11.970000000000001,75,97
402,F/003-001094,2017-04-08 00:00:00,2515.5500000000002,477.94999999999999,2993.5,82
403,F/009-000247,2017-04-12 00:00:00,3220.1700000000001,611.83000000000004,3832,58
404,F/005-000384,2017-04-12 00:00:00,886.97000000000003,168.53,1055.5,35
405,F/016-001541,2017-04-22 00:00:00,5404.1999999999998,1026.8,6431,10
406,F/013-000141,2017-04-22 00:00:00,766.38999999999999,145.61000000000001,912,42
407,F/008-000694,2017-04-22 00:00:00,3014.29,572.71000000000004,3587,86
408,F/019-001438,2017-04-22 00:00:00,138.24000000000001,26.260000000000002,164.5,52
409,F/018-000139,2017-04-25 00:00:00,692.44000000000005,131.56,824,100
410,F/007-000194,2017-04-25 00:00:00,805.88,153.12,959,72
411,F/018-000269,2017-04-25 00:00:00,3188.2399999999998,605.75999999999999,3794,93
412,F/014-000535,2017-04-25 00:00:00,529.83000000000004,100.67,630.5,64
413,F/009-001078,2017-04-25 00:00:00,19384.869999999999,3683.1300000000001,23068,66
414,F/014-000272,2017-04-25 00:00:00,6516.3900000000003,1238.1099999999999,7754.5,45
415,F/019-000265,2017-04-25 00:00:00,3327.3099999999999,632.19000000000005,3959.5,62
416,F/002-000988,2017-04-30 00:00:00,627.73000000000002,119.27,747,21
417,F/008-000543,2017-04-30 00:00:00,557.13999999999999,105.86,663,28
418,F/007-000577,2017-04-30 00:00:00,3312.1799999999998,629.32000000000005,3941.5,47
419,F/005-000235,2017-04-30 00:00:00,3796.8099999999999,721.38999999999999,4518.1999999999998,49
420,F/006-001284,2017-04-30 00:00:00,2267.6500000000001,430.85000000000002,2698.5,89
421,F/008-000409,2017-04-30 00:00:00,2537.3899999999999,482.11000000000001,3019.5,3
422,F/015-001557,2017-04-30 00:00:00,2273.1100000000001,431.88999999999999,2705,43
423,F/007-001249,2017-04-30 00:00:00,1644.96,312.54000000000002,1957.5,43
424,F/019-001332,2017-04-30 00:00:00,2828.9899999999998,537.50999999999999,3366.5,92
425,F/002-000882,2017-05-11 00:00:00,2052.0999999999999,389.89999999999998,2442,6
426,F/016-000724,2017-05-11 00:00:00,5736.5500000000002,1089.95,6826.5,3
427,F/003-000171,2017-05-11 00:00:00,1533.1900000000001,291.31,1824.5,52
428,F/016-000208,2017-05-11 00:00:00,3420.5900000000001,649.90999999999997,4070.5,56
429,F/005-000515,2017-05-11 00:00:00,5464.71,1038.29,6503,29
430,F/006-000481,2017-05-11 00:00:00,2079.8299999999999,395.17000000000002,2475,10
431,F/002-001375,2017-05-11 00:00:00,1421.8499999999999,270.14999999999998,1692,64
432,F/017-000575,2017-05-11 00:00:00,2752.52,522.98000000000002,3275.5,13
433,F/013-000842,2017-05-11 00:00:00,994.12,188.88,1183,83
434,F/005-001047,2017-05-17 00:00:00,655.03999999999996,124.45999999999999,779.5,98
435,F/015-001022,2017-05-17 00:00:00,8017.6499999999996,1523.3499999999999,9541,41
436,F/017-000147,2017-05-17 00:00:00,1319.75,250.75,1570.5,81
437,F/012-001506,2017-05-17 00:00:00,646.63999999999999,122.86,769.5,20
438,F/012-000448,2017-05-17 00:00:00,7452.9399999999996,1416.0599999999999,8869,39
439,F/020-000082,2017-05-17 00:00:00,1319.0799999999999,250.62,1569.6999999999998,17
440,F/003-000308,2017-05-17 00:00:00,899.15999999999997,170.84,1070,84
441,F/005-000492,2017-05-25 00:00:00,4813.0299999999997,914.47000000000003,5727.5,73
442,F/018-000529,2017-05-25 00:00:00,931.09000000000003,176.91,1108,44
443,F/001-000755,2017-05-25 00:00:00,3930.6700000000001,746.83000000000004,4677.5,13
444,F/004-000938,2017-06-01 00:00:00,4313.5299999999997,819.57000000000005,5133.1000000000004,2
445,F/007-000309,2017-06-01 00:00:00,6872.6899999999996,1305.8099999999999,8178.5,64
446,F/007-000473,2017-06-01 00:00:00,9867.2299999999996,1874.77,11742,77
447,F/002-000861,2017-06-01 00:00:00,3725.6300000000001,707.87,4433.5,82
448,F/014-001572,2017-06-01 00:00:00,6834.0299999999997,1298.47,8132.5,49
449,F/014-000516,2017-06-01 00:00:00,1439.9200000000001,273.57999999999998,1713.5,58
450,F/019-001056,2017-06-05 00:00:00,671.00999999999999,127.48999999999999,798.5,82
451,F/013-000420,2017-06-13 00:00:00,8284.0300000000007,1573.97,9858,83
452,F/008-000565,2017-06-13 00:00:00,1697.9000000000001,322.60000000000002,2020.5,61
453,F/008-001104,2017-06-13 00:00:00,3142.4400000000001,597.05999999999995,3739.5,12
454,F/003-001241,2017-06-13 00:00:00,680.66999999999996,129.33000000000001,810,88
455,F/020-000900,2017-06-22 00:00:00,2381.5100000000002,452.49000000000001,2834,64
456,F/012-000574,2017-06-22 00:00:00,418.49000000000001,79.510000000000005,498,95
457,F/006-001551,2017-06-22 00:00:00,790.59000000000003,150.21000000000001,940.79999999999995,40
458,F/005-000388,2017-06-22 00:00:00,305.04000000000002,57.960000000000001,363,36
459,F/017-000047,2017-06-22 00:00:00,4680.6700000000001,889.33000000000004,5570,17
460,F/005-000770,2017-06-22 00:00:00,2985.29,567.21000000000004,3552.5,57
461,F/006-000220,2017-06-22 00:00:00,2791.1799999999998,530.32000000000005,3321.5,90
462,F/012-000972,2017-06-22 00:00:00,876.47000000000003,166.53,1043,40
463,F/007-001108,2017-06-22 00:00:00,230.66999999999999,43.829999999999998,274.5,44
464,F/013-001496,2017-06-30 00:00:00,7401.6800000000003,1406.3199999999999,8808,56
465,F/006-001024,2017-07-07 00:00:00,1744.1199999999999,331.38,2075.5,70
466,F/002-000745,2017-07-07 00:00:00,1290.76,245.24000000000001,1536,7
467,F/013-000820,2017-07-07 00:00:00,4456.3000000000002,846.70000000000005,5303,22
468,F/019-000270,2017-07-07 00:00:00,763.45000000000005,145.05000000000001,908.5,62
469,F/002-000993,2017-07-07 00:00:00,2041.1800000000001,387.81999999999999,2429,3
470,F/004-000543,2017-07-07 00:00:00,2534.8699999999999,481.63,3016.5,16
471,F/015-001565,2017-07-07 00:00:00,2743.2800000000002,521.22000000000003,3264.5,75
472,F/010-000234,2017-07-13 00:00:00,4196.2200000000003,797.27999999999997,4993.5,45
473,F/005-000240,2017-07-13 00:00:00,2752.9400000000001,523.05999999999995,3276,55
474,F/007-001388,2017-07-13 00:00:00,22695.380000000001,4312.1199999999999,27007.5,95
475,F/009-000513,2017-07-13 00:00:00,5244.54,996.46000000000004,6241,3
476,F/004-000680,2017-07-18 00:00:00,4078.9899999999998,775.00999999999999,4854,99
477,F/015-000885,2017-07-18 00:00:00,7684.29,1460.01,9144.2999999999993,16
478,F/004-000516,2017-07-18 00:00:00,2781.9299999999998,528.57000000000005,3310.5,87
479,F/012-000073,2017-07-18 00:00:00,707.98000000000002,134.52000000000001,842.5,2
480,F/020-001302,2017-07-18 00:00:00,3945.3800000000001,749.62,4695,73
481,F/013-000285,2017-07-18 00:00:00,1493.28,283.72000000000003,1777,27
482,F/015-001057,2017-07-18 00:00:00,3943.6999999999998,749.29999999999995,4693,29
483,F/006-000486,2017-07-18 00:00:00,2107.1399999999999,400.36000000000001,2507.5,10
484,F/002-001380,2017-07-18 00:00:00,1181.51,224.49000000000001,1406,46
485,F/013-001504,2017-07-25 00:00:00,1407.98,267.51999999999998,1675.5,56
486,F/009-001331,2017-07-25 00:00:00,994.96000000000004,189.03999999999999,1184,63
487,F/005-001051,2017-07-25 00:00:00,745.38,141.62,887,99
488,F/017-001126,2017-07-25 00:00:00,10255.879999999999,1948.6199999999999,12204.5,47
489,F/012-001393,2017-07-25 00:00:00,3894.96,740.03999999999996,4635,12
490,F/006-001300,2017-07-25 00:00:00,323.52999999999997,61.469999999999999,385,95
491,F/012-000453,2017-08-01 00:00:00,1194.54,226.96000000000001,1421.5,71
492,F/020-000760,2017-08-01 00:00:00,2014.71,382.79000000000002,2397.5,70
493,F/020-000381,2017-08-01 00:00:00,2023.1099999999999,384.38999999999999,2407.5,23
494,F/005-001173,2017-08-07 00:00:00,890.34000000000003,169.16,1059.5,2
495,F/020-000633,2017-08-07 00:00:00,480.25,91.25,571.5,51
496,F/003-000859,2017-08-07 00:00:00,2072.27,393.73000000000002,2466,13
497,F/014-001340,2017-08-07 00:00:00,5161.0100000000002,980.59000000000003,6141.6000000000004,66
498,F/015-000089,2017-08-07 00:00:00,2493.6999999999998,473.80000000000001,2967.5,68
499,F/008-001216,2017-08-07 00:00:00,3153.7800000000002,599.22000000000003,3753,82
500,F/013-001235,2017-08-07 00:00:00,8318.9099999999999,1580.5899999999999,9899.5,37
501,F/019-001310,2017-08-07 00:00:00,2494.96,474.04000000000002,2969,59
502,F/011-000887,2017-08-07 00:00:00,3354.6199999999999,637.38,3992,29
503,F/006-000084,2017-08-07 00:00:00,884.87,168.13,1053,65
504,F/012-001381,2017-08-16 00:00:00,2757.5599999999999,523.94000000000005,3281.5,75
505,F/007-001525,2017-08-16 00:00:00,529.40999999999997,100.59,630,53
506,F/001-000358,2017-08-16 00:00:00,168.06999999999999,31.93,200,36
507,F/002-000982,2017-08-16 00:00:00,2447.48,465.01999999999998,2912.5,70
508,F/006-000088,2017-08-16 00:00:00,109.23999999999999,20.760000000000002,130,34
509,F/014-001317,2017-08-16 00:00:00,732.35000000000002,139.15000000000001,871.5,97
510,F/003-001103,2017-08-16 00:00:00,3208.8200000000002,609.67999999999995,3818.5,82
511,F/005-000229,2017-08-16 00:00:00,2591.1799999999998,492.31999999999999,3083.5,23
512,F/006-000901,2017-08-20 00:00:00,352.94,67.060000000000002,420,19
513,F/014-000402,2017-08-20 00:00:00,989.91999999999996,188.08000000000001,1178,97
514,F/008-001255,2017-08-22 00:00:00,4025.6300000000001,764.87,4790.5,12
515,F/013-000954,2017-08-22 00:00:00,5275.21,1002.29,6277.5,22
516,F/006-000483,2017-08-22 00:00:00,420.17000000000002,79.829999999999998,500,4
517,F/006-000104,2017-09-01 00:00:00,2133.6100000000001,405.38999999999999,2539,66
518,F/014-001333,2017-09-01 00:00:00,1177.3099999999999,223.69,1401,12
519,F/013-000445,2017-09-01 00:00:00,7678.5699999999997,1458.9300000000001,9137.5,59
520,F/013-001386,2017-09-01 00:00:00,1094.54,207.96000000000001,1302.5,85
521,F/013-000300,2017-09-01 00:00:00,426.47000000000003,81.030000000000001,507.5,1
522,F/010-000648,2017-09-01 00:00:00,2374.79,451.20999999999998,2826,3
523,F/008-000177,2017-09-01 00:00:00,519.33000000000004,98.670000000000002,618,11
524,F/002-001395,2017-09-01 00:00:00,846.63999999999999,160.86000000000001,1007.5,47
525,F/011-001026,2017-09-01 00:00:00,7735.29,1469.71,9205,92
526,F/016-001020,2017-09-09 00:00:00,765.97000000000003,145.53,911.5,10
527,F/017-001245,2017-09-09 00:00:00,2183.6100000000001,414.88999999999999,2598.5,18
528,F/004-000823,2017-09-09 00:00:00,14804.200000000001,2812.8000000000002,17617,68
529,F/002-001143,2017-09-09 00:00:00,202.94,38.560000000000002,241.5,60
530,F/001-000761,2017-09-09 00:00:00,3802.0999999999999,722.39999999999998,4524.5,7
531,F/008-000292,2017-09-09 00:00:00,3076.0500000000002,584.45000000000005,3660.5,78
532,F/014-001590,2017-09-09 00:00:00,6712.2700000000004,1275.3299999999999,7987.5999999999995,88
533,F/019-001208,2017-09-18 00:00:00,1806.3,343.19999999999999,2149.5,67
534,F/011-001137,2017-09-18 00:00:00,794.53999999999996,150.96000000000001,945.5,31
535,F/004-000038,2017-09-18 00:00:00,10522.27,1999.23,12521.5,79
536,F/010-000789,2017-09-18 00:00:00,2354.6199999999999,447.38,2802,29
537,F/006-000085,2017-09-18 00:00:00,920.16999999999996,174.83000000000001,1095,59
538,F/016-000485,2017-09-18 00:00:00,2971.4299999999998,564.57000000000005,3536,8
539,F/011-000752,2017-09-18 00:00:00,600,114,714,78
540,F/013-000969,2017-09-18 00:00:00,1447.0599999999999,274.94,1722,86
541,F/011-001007,2017-09-18 00:00:00,1460.9200000000001,277.57999999999998,1738.5,6
542,F/007-001143,2017-09-18 00:00:00,1242.4400000000001,236.06,1478.5,82
543,F/019-000802,2017-09-26 00:00:00,4601.2600000000002,874.24000000000001,5475.5,64
544,F/002-000351,2017-09-26 00:00:00,789.08000000000004,149.91999999999999,939,97
545,F/005-000531,2017-09-26 00:00:00,49.159999999999997,9.3399999999999999,58.5,61
546,F/013-000162,2017-09-26 00:00:00,240.75999999999999,45.740000000000002,286.5,33
547,F/002-000218,2017-09-26 00:00:00,2381.0900000000001,452.41000000000003,2833.5,78
548,F/019-000798,2017-09-26 00:00:00,562.17999999999995,106.81999999999999,669,51
549,F/008-001376,2017-09-26 00:00:00,845.79999999999995,160.69999999999999,1006.5,15
550,F/016-001007,2017-09-26 00:00:00,524.78999999999996,99.709999999999994,624.5,86
551,F/005-001063,2017-10-04 00:00:00,542.01999999999998,102.98,645,32
552,F/017-000045,2017-10-04 00:00:00,3221.0100000000002,611.99000000000001,3833,78
553,F/018-000293,2017-10-04 00:00:00,335.70999999999998,63.789999999999999,399.5,80
554,F/010-001420,2017-10-04 00:00:00,288.66000000000003,54.840000000000003,343.5,94
555,F/016-000492,2017-10-14 00:00:00,1906.3,362.19999999999999,2268.5,9
556,F/012-000717,2017-10-14 00:00:00,1747.9000000000001,332.10000000000002,2080,22
557,F/007-000984,2017-10-14 00:00:00,1951.26,370.74000000000001,2322,19
558,F/002-000990,2017-10-14 00:00:00,1941.1800000000001,368.81999999999999,2310,3
559,F/009-000540,2017-10-14 00:00:00,3792.02,720.48000000000002,4512.5,36
560,F/010-001588,2017-10-14 00:00:00,1728.1500000000001,328.35000000000002,2056.5,50
561,F/006-001430,2017-10-18 00:00:00,5992.0200000000004,1138.48,7130.5,47
562,F/019-000263,2017-10-18 00:00:00,1044.1199999999999,198.38,1242.5,30
563,F/002-000987,2017-10-18 00:00:00,2022.27,384.23000000000002,2406.5,89
564,F/013-000835,2017-10-18 00:00:00,3119.75,592.75,3712.5,29
565,F/009-000677,2017-10-23 00:00:00,4794.96,911.03999999999996,5706,99
566,F/015-000882,2017-10-23 00:00:00,2444.1199999999999,464.38,2908.5,15
567,F/008-000838,2017-10-23 00:00:00,3809.2399999999998,723.75999999999999,4533,80
568,F/016-000469,2017-10-23 00:00:00,652.94000000000005,124.06,777,26
569,F/016-001555,2017-10-23 00:00:00,6186.9700000000003,1175.53,7362.5,11
570,F/014-000155,2017-10-23 00:00:00,370.58999999999997,70.409999999999997,441,43
571,F/019-001297,2017-10-23 00:00:00,1009.66,191.84,1201.5,58
572,F/014-001564,2017-10-23 00:00:00,3729.4099999999999,708.59000000000003,4438,29
573,F/015-000184,2017-10-23 00:00:00,2373.1100000000001,450.88999999999999,2824,37
574,F/015-000723,2017-11-03 00:00:00,548.32000000000005,104.18000000000001,652.5,81
575,F/003-000931,2017-11-03 00:00:00,3732.3499999999999,709.14999999999998,4441.5,81
576,F/009-001055,2017-11-14 00:00:00,1208.8199999999999,229.68000000000001,1438.5,65
577,F/013-000248,2017-11-14 00:00:00,4334.4499999999998,823.54999999999995,5158,62
578,F/003-000540,2017-11-14 00:00:00,3356.3000000000002,637.70000000000005,3994,79
579,F/012-000302,2017-11-21 00:00:00,531.09000000000003,100.91,632,18
580,F/007-000814,2017-11-21 00:00:00,35.289999999999999,6.71,42,33
581,F/005-000454,2017-11-26 00:00:00,2090.7600000000002,397.24000000000001,2488,40
582,F/004-000112,2017-11-26 00:00:00,6304.1999999999998,1197.8,7502,47
583,F/006-001260,2017-11-26 00:00:00,420.58999999999997,79.909999999999997,500.5,87
584,F/007-000010,2017-11-30 00:00:00,1042.4400000000001,198.06,1240.5,89
585,F/020-000728,2017-11-30 00:00:00,3157.5599999999999,599.94000000000005,3757.5,11
586,F/018-001308,2017-11-30 00:00:00,16861.759999999998,3203.7399999999998,20065.5,90
587,F/017-001473,2017-11-30 00:00:00,4656.3900000000003,884.71000000000004,5541.0999999999995,4
588,F/011-001510,2017-11-30 00:00:00,652.94000000000005,124.06,777,74
589,F/012-000157,2017-11-30 00:00:00,2911.0900000000001,553.11000000000001,3464.1999999999998,19
590,F/013-000929,2017-11-30 00:00:00,2576.8899999999999,489.61000000000001,3066.5,21
591,F/009-000757,2017-11-30 00:00:00,1002.1,190.40000000000001,1192.5,27
592,F/015-001002,2017-12-09 00:00:00,1041.1800000000001,197.81999999999999,1239,71
593,F/016-000176,2017-12-09 00:00:00,21374.369999999999,4061.1300000000001,25435.5,73
594,F/009-001303,2017-12-09 00:00:00,1769.75,336.25,2106,55
595,F/004-000924,2017-12-17 00:00:00,315.13,59.869999999999997,375,91
596,F/015-000998,2017-12-17 00:00:00,11756.299999999999,2233.6999999999998,13990,40
597,F/017-000124,2017-12-17 00:00:00,1274.3699999999999,242.13,1516.5,79
598,F/006-000980,2017-12-17 00:00:00,3114.71,591.78999999999996,3706.5,87
599,F/002-000024,2017-12-17 00:00:00,426.05000000000001,80.950000000000003,507,95
600,F/020-000059,2017-12-21 00:00:00,333.19,63.310000000000002,396.5,15
601,F/003-000285,2017-12-21 00:00:00,3091.1799999999998,587.32000000000005,3678.5,76
602,F/019-000765,2017-12-21 00:00:00,2634.8699999999999,500.63,3135.5,30
603,F/018-000505,2017-12-21 00:00:00,2392.3499999999999,454.55000000000001,2846.8999999999996,43
604,F/001-000731,2017-12-28 00:00:00,2742.8600000000001,521.13999999999999,3264,11
605,F/017-000012,2017-12-28 00:00:00,734.02999999999997,139.47,873.5,82
606,F/016-001350,2017-12-28 00:00:00,9364.2900000000009,1779.21,11143.5,95
607,F/011-001487,2017-12-28 00:00:00,455.88,86.620000000000005,542.5,99
608,F/015-000459,2017-12-28 00:00:00,3867.6500000000001,734.85000000000002,4602.5,37
609,F/017-000807,2017-12-28 00:00:00,4008.4000000000001,761.60000000000002,4770,40
610,F/009-000760,2017-12-28 00:00:00,6854.1999999999998,1302.3,8156.5,27
611,F/005-000022,2018-01-02 00:00:00,6511.7600000000002,1237.24,7749,92
612,F/007-001031,2018-01-02 00:00:00,15925.209999999999,3025.79,18951,58
613,F/002-001574,2018-01-02 00:00:00,3901.2600000000002,741.24000000000001,4642.5,61
614,F/003-000618,2018-01-02 00:00:00,612.61000000000001,116.39,729,39
615,F/017-000343,2018-01-02 00:00:00,1405.8800000000001,267.12,1673,47
616,F/012-001180,2018-01-02 00:00:00,226.88999999999999,43.109999999999999,270,56
617,F/013-001527,2018-01-02 00:00:00,5716.9700000000003,1086.23,6803.1999999999998,76
618,F/010-001355,2018-01-02 00:00:00,2708.8200000000002,514.67999999999995,3223.5,84
619,F/004-000976,2018-01-02 00:00:00,15458.82,2937.1799999999998,18396,21
620,F/010-000552,2018-01-02 00:00:00,6244.96,1186.54,7431.5,12
621,F/005-000819,2018-01-06 00:00:00,8272.2700000000004,1571.73,9844,76
622,F/016-000924,2018-01-06 00:00:00,3557.98,676.01999999999998,4234,37
623,F/009-000854,2018-01-06 00:00:00,3328.9899999999998,632.50999999999999,3961.5,81
624,F/014-000848,2018-01-06 00:00:00,1552.52,294.98000000000002,1847.5,98
625,F/002-001571,2018-01-06 00:00:00,1897.48,360.51999999999998,2258,32
626,F/018-000072,2018-01-06 00:00:00,453.77999999999997,86.219999999999999,540,64
627,F/007-001049,2018-01-06 00:00:00,82.349999999999994,15.65,98,82
628,F/002-001185,2018-01-06 00:00:00,1070.5899999999999,203.41,1274,85
629,F/014-000420,2018-01-15 00:00:00,2973.9499999999998,565.04999999999995,3539,35
630,F/016-001195,2018-01-15 00:00:00,1464.71,278.29000000000002,1743,69
631,F/008-001400,2018-01-15 00:00:00,8554.6200000000008,1625.3800000000001,10180,84
632,F/017-001031,2018-01-15 00:00:00,1389.0799999999999,263.92000000000002,1653,50
633,F/005-000562,2018-01-15 00:00:00,1380.25,262.25,1642.5,95
634,F/013-000617,2018-01-15 00:00:00,1517.23,288.26999999999998,1805.5,67
635,F/018-000186,2018-01-15 00:00:00,5188.6599999999999,985.84000000000003,6174.5,57
636,F/011-000246,2018-01-15 00:00:00,4270.5900000000001,811.40999999999997,5082,41
637,F/012-000888,2018-01-17 00:00:00,794.12,150.88,945,50
638,F/011-000922,2018-01-17 00:00:00,1658.8199999999999,315.18000000000001,1974,69
639,F/006-001059,2018-01-17 00:00:00,331.93000000000001,63.07,395,40
640,F/020-000680,2018-01-17 00:00:00,2591.5999999999999,492.39999999999998,3084,76
641,F/009-000311,2018-01-17 00:00:00,1017.23,193.27000000000001,1210.5,48
642,F/014-001478,2018-01-17 00:00:00,1785.29,339.20999999999998,2124.5,64
643,F/016-000530,2018-01-17 00:00:00,3094.54,587.96000000000004,3682.5,47
644,F/014-000728,2018-01-17 00:00:00,302.51999999999998,57.479999999999997,360,6
645,F/019-000427,2018-01-17 00:00:00,4140.8400000000001,786.75999999999999,4927.6000000000004,89
646,F/019-000045,2018-01-26 00:00:00,3929.4099999999999,746.59000000000003,4676,68
647,F/007-001175,2018-01-26 00:00:00,1268.49,241.00999999999999,1509.5,34
648,F/018-001249,2018-01-26 00:00:00,6625.21,1258.79,7884,55
649,F/014-001516,2018-01-26 00:00:00,4142.0200000000004,786.98000000000002,4929,26
650,F/018-000859,2018-01-26 00:00:00,278.56999999999999,52.93,331.5,53
651,F/014-001077,2018-01-26 00:00:00,1901.6800000000001,361.31999999999999,2263,61
652,F/002-000496,2018-01-26 00:00:00,2098.7399999999998,398.75999999999999,2497.5,8
653,F/017-000763,2018-01-26 00:00:00,863.87,164.13,1028,78
654,F/012-001306,2018-01-26 00:00:00,1268.0699999999999,240.93000000000001,1509,8
655,F/012-000220,2018-01-26 00:00:00,376.47000000000003,71.530000000000001,448,23
656,F/012-000384,2018-02-03 00:00:00,1540.76,292.74000000000001,1833.5,35
657,F/007-000520,2018-02-03 00:00:00,353.77999999999997,67.219999999999999,421,12
658,F/006-000403,2018-02-11 00:00:00,3437.8200000000002,653.17999999999995,4091,20
659,F/002-000621,2018-02-11 00:00:00,4636.9700000000003,881.02999999999997,5518,28
660,F/004-001263,2018-02-11 00:00:00,2486.9699999999998,472.52999999999997,2959.5,36
661,F/014-001368,2018-02-11 00:00:00,7512.1800000000003,1427.3199999999999,8939.5,46
662,F/020-001492,2018-02-11 00:00:00,1597.48,303.51999999999998,1901,56
663,F/019-000685,2018-02-11 00:00:00,1356.3,257.69999999999999,1614,35
664,F/002-001564,2018-02-11 00:00:00,3971.8499999999999,754.64999999999998,4726.5,7
665,F/006-000670,2018-02-11 00:00:00,107.14,20.359999999999999,127.5,70
666,F/014-000301,2018-02-15 00:00:00,235.28999999999999,44.710000000000001,280,16
667,F/014-001387,2018-02-15 00:00:00,1263.45,240.05000000000001,1503.5,100
668,F/005-000441,2018-02-15 00:00:00,3678.1500000000001,698.85000000000002,4377,70
669,F/005-000686,2018-02-15 00:00:00,3284.0300000000002,623.97000000000003,3908,15
670,F/004-000850,2018-02-15 00:00:00,3118.4899999999998,592.50999999999999,3711,96
671,F/012-001165,2018-02-18 00:00:00,749.58000000000004,142.41999999999999,892,2
672,F/017-001159,2018-02-18 00:00:00,1875.6300000000001,356.37,2232,18
673,F/007-000920,2018-02-18 00:00:00,755.46000000000004,143.53999999999999,899,57
674,F/011-000935,2018-02-18 00:00:00,786.13,149.37,935.5,2
675,F/019-001243,2018-02-18 00:00:00,1966.8900000000001,373.70999999999998,2340.5999999999999,1
676,F/018-000731,2018-02-18 00:00:00,1327.73,252.27000000000001,1580,86
677,F/014-000182,2018-02-22 00:00:00,437.38999999999999,83.109999999999999,520.5,54
678,F/004-000319,2018-02-22 00:00:00,285.29000000000002,54.210000000000001,339.5,31
679,F/006-000545,2018-02-22 00:00:00,2027.3099999999999,385.19,2412.5,99
680,F/013-001016,2018-02-22 00:00:00,194.96000000000001,37.039999999999999,232,12
681,F/005-000151,2018-02-22 00:00:00,438.24000000000001,83.260000000000005,521.5,86
682,F/012-001299,2018-02-22 00:00:00,1064.71,202.28999999999999,1267,27
683,F/011-001463,2018-02-22 00:00:00,3145.3800000000001,597.62,3743,40
684,F/014-001349,2018-02-22 00:00:00,2168.0700000000002,411.93000000000001,2580,39
685,F/013-000461,2018-02-22 00:00:00,1738.24,330.25999999999999,2068.5,86
686,F/006-000666,2018-02-28 00:00:00,2173.9499999999998,413.05000000000001,2587,2
687,F/013-000622,2018-02-28 00:00:00,2982.3499999999999,566.64999999999998,3549,67
688,F/018-000191,2018-02-28 00:00:00,6143.5299999999997,1167.27,7310.7999999999993,57
689,F/008-001550,2018-02-28 00:00:00,1061.3399999999999,201.66,1263,23
690,F/012-001168,2018-02-28 00:00:00,1837.3900000000001,349.11000000000001,2186.5,20
691,F/002-001036,2018-02-28 00:00:00,924.78999999999996,175.71000000000001,1100.5,37
692,F/004-000586,2018-02-28 00:00:00,2348.7399999999998,446.25999999999999,2795,50
693,F/011-001309,2018-03-06 00:00:00,786.54999999999995,149.44999999999999,936,90
694,F/007-000384,2018-03-06 00:00:00,3598.7399999999998,683.75999999999999,4282.5,86
695,F/008-001026,2018-03-06 00:00:00,1944.96,369.54000000000002,2314.5,95
696,F/019-001231,2018-03-06 00:00:00,3009.6599999999999,571.84000000000003,3581.5,37
697,F/009-000862,2018-03-06 00:00:00,1108.8199999999999,210.68000000000001,1319.5,51
698,F/011-001593,2018-03-06 00:00:00,4210.0799999999999,799.91999999999996,5010,23
699,F/019-000050,2018-03-06 00:00:00,2170.1700000000001,412.32999999999998,2582.5,68
700,F/008-001279,2018-03-06 00:00:00,4825.6300000000001,916.87,5742.5,34
701,F/013-000879,2018-03-15 00:00:00,626.47000000000003,119.03,745.5,18
702,F/010-000407,2018-03-15 00:00:00,62160.080000000002,11810.42,73970.5,32
703,F/006-000128,2018-03-25 00:00:00,1013.45,192.55000000000001,1206,68
704,F/002-000501,2018-03-25 00:00:00,5729.2399999999998,1088.5599999999999,6817.7999999999993,9
705,F/017-000768,2018-03-25 00:00:00,1273.53,241.97,1515.5,79
706,F/013-001410,2018-03-25 00:00:00,22581.509999999998,4290.4899999999998,26872,14
707,F/012-000224,2018-03-25 00:00:00,306.72000000000003,58.280000000000001,365,23
708,F/014-000572,2018-03-25 00:00:00,2590.7600000000002,492.24000000000001,3083,25
709,F/007-000525,2018-03-25 00:00:00,1165.97,221.53,1387.5,13
710,F/003-001419,2018-03-25 00:00:00,1666.3900000000001,316.61000000000001,1983,16
711,F/005-000519,2018-03-25 00:00:00,2224.29,422.61000000000001,2646.8999999999996,87
712,F/018-000575,2018-03-25 00:00:00,632.35000000000002,120.15000000000001,752.5,33
713,F/007-000206,2018-04-03 00:00:00,2207.5599999999999,419.44,2627,5
714,F/018-000817,2018-04-03 00:00:00,7331.5100000000002,1392.99,8724.5,45
715,F/006-000236,2018-04-03 00:00:00,819.33000000000004,155.66999999999999,975,91
716,F/012-000987,2018-04-03 00:00:00,2425.21,460.79000000000002,2886,41
717,F/017-001233,2018-04-03 00:00:00,3497.48,664.51999999999998,4162,5
718,F/006-000637,2018-04-03 00:00:00,1109.24,210.75999999999999,1320,68
719,F/001-000098,2018-04-03 00:00:00,113.45,21.550000000000001,135,18
720,F/003-001497,2018-04-03 00:00:00,8179.8299999999999,1554.1700000000001,9734,85
721,F/004-000408,2018-04-11 00:00:00,7280.25,1383.25,8663.5,68
722,F/004-000653,2018-04-11 00:00:00,3847.9000000000001,731.10000000000002,4579,13
723,F/004-000817,2018-04-11 00:00:00,6455.8800000000001,1226.6199999999999,7682.5,26
724,F/012-000456,2018-04-11 00:00:00,2063.0300000000002,391.97000000000003,2455,71
725,F/020-000763,2018-04-11 00:00:00,2190.3400000000001,416.16000000000003,2606.5,71
726,F/007-000887,2018-04-11 00:00:00,3478.5700000000002,660.92999999999995,4139.5,55
727,F/010-000903,2018-04-11 00:00:00,1418.0699999999999,269.43000000000001,1687.5,99
728,F/005-001039,2018-04-11 00:00:00,1929.8299999999999,366.67000000000002,2296.5,76
729,F/018-000698,2018-04-11 00:00:00,4424.79,840.71000000000004,5265.5,84
730,F/020-000248,2018-04-11 00:00:00,3357.98,638.01999999999998,3996,17
731,F/003-000286,2018-04-15 00:00:00,1239.9200000000001,235.58000000000001,1475.5,29
732,F/005-000512,2018-04-15 00:00:00,4305.04,817.96000000000004,5123,97
733,F/019-000143,2018-04-17 00:00:00,366.81,69.689999999999998,436.5,69
734,F/007-001021,2018-04-17 00:00:00,102.94,19.559999999999999,122.5,80
735,F/002-001157,2018-04-17 00:00:00,847.89999999999998,161.09999999999999,1009,83
736,F/004-000959,2018-04-17 00:00:00,1787.3900000000001,339.61000000000001,2127,25
737,F/012-000590,2018-04-25 00:00:00,247.06,46.939999999999998,294,96
738,F/017-000586,2018-04-25 00:00:00,2858.4000000000001,543.10000000000002,3401.5,87
739,F/013-000429,2018-04-25 00:00:00,2244.96,426.54000000000002,2671.5,84
740,F/014-001071,2018-04-25 00:00:00,584.87,111.13,696,92
741,F/012-000589,2018-04-25 00:00:00,2347.9000000000001,446.10000000000002,2794,65
742,F/018-000158,2018-04-25 00:00:00,1247.0599999999999,236.94,1484,55
743,F/007-001517,2018-04-25 00:00:00,973.52999999999997,184.97,1158.5,21
744,F/012-000860,2018-05-04 00:00:00,1959.6600000000001,372.33999999999997,2332,48
745,F/011-000894,2018-05-04 00:00:00,1430.6700000000001,271.82999999999998,1702.5,67
746,F/006-001031,2018-05-04 00:00:00,915.13,173.87,1089,44
747,F/002-000751,2018-05-04 00:00:00,6969.75,1324.25,8294,74
748,F/009-000283,2018-05-04 00:00:00,474.79000000000002,90.209999999999994,565,46
749,F/014-001450,2018-05-04 00:00:00,4696.2200000000003,892.27999999999997,5588.5,62
750,F/002-001000,2018-05-04 00:00:00,1509.24,286.75999999999999,1796,76
751,F/018-001355,2018-05-10 00:00:00,3407.5599999999999,647.44000000000005,4055,79
752,F/019-000399,2018-05-13 00:00:00,10852.1,2061.9000000000001,12914,87
753,F/012-001526,2018-05-13 00:00:00,3222.6900000000001,612.30999999999995,3835,2
754,F/016-000498,2018-05-13 00:00:00,9377.8999999999996,1781.8,11159.700000000001,14
755,F/009-000409,2018-05-22 00:00:00,13176.049999999999,2503.4499999999998,15679.5,49
756,F/017-000464,2018-05-22 00:00:00,3232.77,614.23000000000002,3847,94
757,F/014-001049,2018-05-27 00:00:00,3040.3400000000001,577.65999999999997,3618,60
758,F/002-000468,2018-05-27 00:00:00,1844.1199999999999,350.38,2194.5,7
759,F/016-000735,2018-05-27 00:00:00,917.23000000000002,174.27000000000001,1091.5,76
760,F/012-001377,2018-05-27 00:00:00,3031.0900000000001,575.90999999999997,3607,12
761,F/016-000219,2018-05-30 00:00:00,3455.8800000000001,656.62,4112.5,30
762,F/005-000527,2018-05-30 00:00:00,12205.040000000001,2318.96,14524,30
763,F/006-000492,2018-05-30 00:00:00,976.88999999999999,185.61000000000001,1162.5,11
764,F/002-001386,2018-05-30 00:00:00,267.23000000000002,50.770000000000003,318,16
765,F/005-000524,2018-05-30 00:00:00,1638.6600000000001,311.33999999999997,1950,87
766,F/018-000579,2018-05-30 00:00:00,806.72000000000003,153.28,960,33
767,F/007-000210,2018-06-08 00:00:00,1730.25,328.75,2059,5
768,F/018-000821,2018-06-08 00:00:00,7099.5799999999999,1348.9200000000001,8448.5,45
769,F/006-000241,2018-06-08 00:00:00,76.469999999999999,14.529999999999999,91,92
770,F/012-000992,2018-06-08 00:00:00,1996.3,379.30000000000001,2375.5999999999999,42
771,F/002-001536,2018-06-08 00:00:00,3292.02,625.48000000000002,3917.5,5
772,F/006-000642,2018-06-08 00:00:00,926.47000000000003,176.03,1102.5,68
773,F/001-000102,2018-06-08 00:00:00,65.129999999999995,12.369999999999999,77.5,18
774,F/003-001502,2018-06-08 00:00:00,2802.0999999999999,532.39999999999998,3334.5,85
775,F/004-000412,2018-06-16 00:00:00,6277.7299999999996,1192.77,7470.5,68
776,F/005-000658,2018-06-16 00:00:00,3160.0799999999999,600.41999999999996,3760.5,13
777,F/004-000822,2018-06-16 00:00:00,5738.2399999999998,1090.26,6828.5,26
778,F/008-000563,2018-06-16 00:00:00,182.34999999999999,34.649999999999999,217,29
779,F/007-000597,2018-06-16 00:00:00,1602.9400000000001,304.56,1907.5,49
780,F/019-000256,2018-06-16 00:00:00,1636.97,311.02999999999997,1948,56
781,F/006-001304,2018-06-16 00:00:00,1761.3399999999999,334.66000000000003,2096,63
782,F/008-000429,2018-06-16 00:00:00,1294.54,245.96000000000001,1540.5,4
783,F/018-001215,2018-06-16 00:00:00,129.41,24.59,154,99
784,F/018-000703,2018-06-16 00:00:00,3044.96,578.53999999999996,3623.5,84
785,F/013-000154,2018-06-20 00:00:00,5469.3299999999999,1039.1700000000001,6508.5,52
786,F/003-000291,2018-06-20 00:00:00,599.58000000000004,113.92,713.5,30
787,F/005-000517,2018-06-20 00:00:00,4010.0799999999999,761.91999999999996,4772,97
788,F/013-000988,2018-06-20 00:00:00,79.409999999999997,15.09,94.5,4
789,F/005-000123,2018-06-20 00:00:00,451.25999999999999,85.739999999999995,537,84
790,F/015-001333,2018-06-20 00:00:00,22.690000000000001,4.3099999999999996,27,80
791,F/014-000396,2018-06-20 00:00:00,4406.7200000000003,837.27999999999997,5244,65
792,F/006-000092,2018-06-20 00:00:00,178.56999999999999,33.93,212.5,65
793,F/012-001389,2018-06-29 00:00:00,1381.9300000000001,262.56999999999999,1644.5,76
794,F/009-001342,2018-06-29 00:00:00,3438.2399999999998,653.25999999999999,4091.5,63
795,F/005-000638,2018-06-29 00:00:00,1594.96,303.04000000000002,1898,93
796,F/012-000594,2018-06-29 00:00:00,1910.9200000000001,363.07999999999998,2274,65
797,F/018-000163,2018-06-29 00:00:00,2279.4099999999999,433.08999999999997,2712.5,55
798,F/007-001522,2018-06-29 00:00:00,1218.9100000000001,231.59,1450.5,21
799,F/011-000735,2018-06-29 00:00:00,123.53,23.469999999999999,147,55
800,F/013-001507,2018-06-29 00:00:00,1330.25,252.75,1583,57
801,F/006-001036,2018-07-06 00:00:00,7702.5200000000004,1463.48,9166,44
802,F/020-000656,2018-07-06 00:00:00,4065.9699999999998,772.52999999999997,4838.5,74
803,F/009-000287,2018-07-06 00:00:00,1536.55,291.94999999999999,1828.5,46
804,F/014-001455,2018-07-06 00:00:00,7480.6700000000001,1421.3299999999999,8902,63
805,F/002-001004,2018-07-06 00:00:00,1450,275.5,1725.5,45
806,F/013-000705,2018-07-06 00:00:00,121.84999999999999,23.149999999999999,145,4
807,F/019-000404,2018-07-06 00:00:00,5328.9899999999998,1012.51,6341.5,87
808,F/012-001530,2018-07-15 00:00:00,1028.5699999999999,195.43000000000001,1224,2
809,F/016-000503,2018-07-15 00:00:00,7999.5799999999999,1519.9200000000001,9519.5,14
810,F/012-000851,2018-07-15 00:00:00,19795.799999999999,3761.1999999999998,23557,16
811,F/010-000379,2018-07-15 00:00:00,14262.610000000001,2709.8899999999999,16972.5,30
812,F/014-001348,2018-07-15 00:00:00,3439.9200000000001,653.58000000000004,4093.5,66
813,F/015-000098,2018-07-15 00:00:00,2133.1900000000001,405.31,2538.5,68
814,F/008-001224,2018-07-15 00:00:00,2732.77,519.23000000000002,3252,82
815,F/008-000845,2018-07-15 00:00:00,2652.9400000000001,504.06,3157,13
816,F/014-000920,2018-07-15 00:00:00,3003.3600000000001,570.63999999999999,3574,35
817,F/010-001186,2018-07-15 00:00:00,5795.3800000000001,1101.1199999999999,6896.5,32
818,F/016-000898,2018-07-20 00:00:00,2555.46,485.54000000000002,3041,16
819,F/005-000529,2018-07-20 00:00:00,692.86000000000001,131.63999999999999,824.5,87
820,F/018-000584,2018-07-25 00:00:00,957.98000000000002,182.02000000000001,1140,33
821,F/017-000072,2018-07-25 00:00:00,15713.030000000001,2985.4699999999998,18698.5,18
822,F/014-001344,2018-07-25 00:00:00,182.34999999999999,34.649999999999999,217,44
823,F/020-001468,2018-07-25 00:00:00,1733.6099999999999,329.38999999999999,2063,54
824,F/019-000662,2018-08-04 00:00:00,1387.3900000000001,263.61000000000001,1651,33
825,F/002-001541,2018-08-04 00:00:00,3613.4499999999998,686.54999999999995,4300,5
826,F/006-000647,2018-08-04 00:00:00,205.88,39.119999999999997,245,69
827,F/001-000107,2018-08-04 00:00:00,664.28999999999996,126.20999999999999,790.5,18
828,F/003-001507,2018-08-04 00:00:00,3684.0300000000002,699.97000000000003,4384,85
829,F/019-000389,2018-08-04 00:00:00,1307.98,248.52000000000001,1556.5,33
830,F/019-000554,2018-08-04 00:00:00,3105.46,590.03999999999996,3695.5,46
831,F/002-000355,2018-08-09 00:00:00,3370.0799999999999,640.32000000000005,4010.3999999999996,14
832,F/004-001511,2018-08-09 00:00:00,2910.5,553,3463.5,54
833,F/012-001142,2018-08-09 00:00:00,925.63,175.87,1101.5,99
834,F/017-001135,2018-08-09 00:00:00,3342.4400000000001,635.05999999999995,3977.5,17
835,F/006-000797,2018-08-09 00:00:00,2581.0900000000001,490.41000000000003,3071.5,49
836,F/010-001588,2018-08-18 00:00:00,1252.52,237.97999999999999,1490.5,28
837,F/018-001219,2018-08-18 00:00:00,1107.5599999999999,210.44,1318,99
838,F/018-000707,2018-08-18 00:00:00,1693.28,321.72000000000003,2015,4
839,F/008-000835,2018-08-24 00:00:00,3265.9699999999998,620.52999999999997,3886.5,80
840,F/014-000829,2018-08-31 00:00:00,1002.52,190.47999999999999,1193,97
841,F/002-001552,2018-08-31 00:00:00,3429.4099999999999,651.59000000000003,4081,37
842,F/017-000053,2018-08-31 00:00:00,523.52999999999997,99.469999999999999,623,63
843,F/007-001030,2018-08-31 00:00:00,113.45,21.550000000000001,135,80
844,F/002-001167,2018-08-31 00:00:00,1350.4200000000001,256.57999999999998,1607,84
845,F/004-000968,2018-08-31 00:00:00,3776.0500000000002,717.45000000000005,4493.5,26
846,F/016-001176,2018-09-05 00:00:00,2928.1500000000001,556.35000000000002,3484.5,67
847,F/008-001381,2018-09-05 00:00:00,3901.2600000000002,741.24000000000001,4642.5,83
848,F/016-001012,2018-09-05 00:00:00,6418.4899999999998,1219.51,7638,55
849,F/004-000543,2018-09-05 00:00:00,1141.1800000000001,216.81999999999999,1358,93
850,F/016-001042,2018-09-11 00:00:00,1207.1400000000001,229.36000000000001,1436.5,42
851,F/011-000885,2018-09-17 00:00:00,2128.1500000000001,404.35000000000002,2532.5,13
852,F/017-000332,2018-09-20 00:00:00,601.67999999999995,114.31999999999999,716,87
853,F/012-000870,2018-09-20 00:00:00,1515.97,288.02999999999997,1804,48
854,F/011-000904,2018-09-20 00:00:00,1357.5599999999999,257.94,1615.5,68
855,F/006-001040,2018-09-20 00:00:00,619.75,117.75,737.5,45
856,F/020-000661,2018-09-20 00:00:00,20936.130000000001,3977.8699999999999,24914,74
857,F/009-000292,2018-09-20 00:00:00,700.41999999999996,133.08000000000001,833.5,47
858,F/014-001459,2018-09-20 00:00:00,5265.9700000000003,1000.53,6266.5,63
859,F/002-001009,2018-09-20 00:00:00,1264.29,240.21000000000001,1504.5,46
860,F/013-000709,2018-09-20 00:00:00,170.59,32.409999999999997,203,5
861,F/017-001399,2018-09-30 00:00:00,5400.4200000000001,1026.0799999999999,6426.5,98
862,F/019-000027,2018-09-30 00:00:00,2105.46,400.04000000000002,2505.5,66
863,F/007-001156,2018-09-30 00:00:00,606.72000000000003,115.28,722,32
864,F/018-001231,2018-09-30 00:00:00,8620.9200000000001,1637.98,10258.9,54
865,F/013-001497,2018-09-30 00:00:00,6461.3400000000001,1227.6600000000001,7689,25
866,F/018-000840,2018-09-30 00:00:00,1727.73,328.26999999999998,2056,52
867,F/014-001058,2018-09-30 00:00:00,2647.0599999999999,502.94,3150,60
868,F/002-000478,2018-09-30 00:00:00,1745.3800000000001,331.62,2077,7
869,F/016-000744,2018-09-30 00:00:00,2005.8800000000001,381.12,2387,77
870,F/008-000850,2018-10-05 00:00:00,1789.5,340,2129.5,13
871,F/014-000924,2018-10-05 00:00:00,2290.7600000000002,435.24000000000001,2726,35
872,F/010-001191,2018-10-05 00:00:00,5560.5,1056.5,6617,32
873,F/016-000903,2018-10-05 00:00:00,3271.8499999999999,621.64999999999998,3893.5,17
874,F/005-000534,2018-10-05 00:00:00,536.97000000000003,102.03,639,88
875,F/018-000589,2018-10-05 00:00:00,1008.4,191.59999999999999,1200,34
876,F/016-001575,2018-10-05 00:00:00,16406.299999999999,3117.1999999999998,19523.5,13
877,F/014-001349,2018-10-05 00:00:00,370.58999999999997,70.409999999999997,441,44
878,F/017-000865,2018-10-15 00:00:00,1803.78,342.72000000000003,2146.5,65
879,F/004-000965,2018-10-15 00:00:00,1588.24,301.75999999999999,1890,52
880,F/003-000078,2018-10-15 00:00:00,641.60000000000002,121.90000000000001,763.5,98
881,F/004-000720,2018-10-15 00:00:00,732.35000000000002,139.15000000000001,871.5,8
882,F/011-000221,2018-10-15 00:00:00,45.380000000000003,8.6199999999999992,54,79
883,F/009-000285,2018-10-15 00:00:00,3788.6599999999999,719.84000000000003,4508.5,92
884,F/016-001166,2018-10-21 00:00:00,1748.74,332.25999999999999,2081,36
885,F/015-001460,2018-10-21 00:00:00,4240.7600000000002,805.74000000000001,5046.5,83
886,F/004-001515,2018-10-21 00:00:00,3787.3899999999999,719.61000000000001,4507,55
887,F/015-001590,2018-10-26 00:00:00,1275.6300000000001,242.37,1518,76
888,F/017-001140,2018-10-26 00:00:00,1487.3900000000001,282.61000000000001,1770,17
889,F/006-000801,2018-10-26 00:00:00,3541.1799999999998,672.82000000000005,4214,49
890,F/010-000917,2018-10-26 00:00:00,6821.4300000000003,1296.0699999999999,8117.5,100
891,F/018-001224,2018-11-01 00:00:00,1010.5,192,1202.5,99
892,F/002-001011,2018-11-01 00:00:00,1310.9200000000001,249.08000000000001,1560,4
893,F/004-000560,2018-11-01 00:00:00,2518.4899999999998,478.50999999999999,2997,17
894,F/004-000300,2018-11-05 00:00:00,618.07000000000005,117.43000000000001,735.5,30
895,F/006-000526,2018-11-05 00:00:00,4360.9200000000001,828.58000000000004,5189.5,91
896,F/018-000058,2018-11-16 00:00:00,1383.6099999999999,262.88999999999999,1646.5,63
897,F/007-001035,2018-11-16 00:00:00,113.45,21.550000000000001,135,81
898,F/002-001171,2018-11-16 00:00:00,1191.1800000000001,226.31999999999999,1417.5,84
899,F/017-000470,2018-11-16 00:00:00,2502.52,475.48000000000002,2978,94
900,F/016-001181,2018-11-21 00:00:00,3447.0599999999999,654.94000000000005,4102,68
901,F/008-001386,2018-11-21 00:00:00,1796.22,341.27999999999997,2137.5,83
902,F/015-000917,2018-11-21 00:00:00,82905.880000000005,15752.120000000001,98658,49
903,F/004-000548,2018-11-21 00:00:00,2324.79,441.70999999999998,2766.5,94
904,F/016-001047,2018-11-27 00:00:00,968.07000000000005,183.93000000000001,1152,43
905,F/011-000889,2018-12-03 00:00:00,1918.49,364.50999999999999,2283,13
906,F/002-001393,2018-12-06 00:00:00,1548.74,294.25999999999999,1843,47
907,F/014-000294,2018-12-06 00:00:00,2826.8899999999999,537.11000000000001,3364,95
908,F/009-000561,2018-12-06 00:00:00,601.25999999999999,114.23999999999999,715.5,66
909,F/009-000679,2018-12-06 00:00:00,797.89999999999998,151.59999999999999,949.5,68
910,F/009-000297,2018-12-06 00:00:00,3456.7199999999998,656.77999999999997,4113.5,47
911,F/014-001464,2018-12-06 00:00:00,5073.9499999999998,964.04999999999995,6038,63
912,F/015-000516,2018-12-06 00:00:00,1216.8099999999999,231.19,1448,46
913,F/013-000714,2018-12-06 00:00:00,121.84999999999999,23.149999999999999,145,5
914,F/019-000413,2018-12-06 00:00:00,3343.9499999999998,635.35000000000002,3979.3000000000002,88
915,F/019-000031,2018-12-15 00:00:00,3836.1300000000001,728.87,4565,61
916,F/007-001161,2018-12-15 00:00:00,549.58000000000004,104.42,654,33
917,F/018-001235,2018-12-15 00:00:00,7441.9300000000003,1413.97,8855.8999999999996,54
918,F/013-001502,2018-12-15 00:00:00,4199.75,797.95000000000005,4997.6999999999998,44
919,F/009-000824,2018-12-15 00:00:00,5161.3400000000001,980.65999999999997,6142,26
920,F/004-000960,2018-12-15 00:00:00,2126.4699999999998,404.02999999999997,2530.5,3
921,F/004-000032,2018-12-15 00:00:00,6487.8199999999997,1232.6800000000001,7720.5,41
922,F/011-001292,2018-12-15 00:00:00,867.64999999999998,164.84999999999999,1032.5,7
923,F/012-000206,2018-12-15 00:00:00,185.28999999999999,35.210000000000001,220.5,22
924,F/014-000554,2018-12-15 00:00:00,1153.3599999999999,219.13999999999999,1372.5,24
925,F/019-001574,2018-12-22 00:00:00,766.38999999999999,145.61000000000001,912,78
926,F/014-000112,2018-12-22 00:00:00,2974.79,565.21000000000004,3540,55
927,F/004-000501,2018-12-22 00:00:00,3563.0300000000002,676.97000000000003,4240,86
928,F/017-000556,2018-12-22 00:00:00,388.24000000000001,73.760000000000005,462,25
929,F/005-000087,2018-12-30 00:00:00,2606.7199999999998,495.27999999999997,3102,96
930,F/018-000668,2018-12-30 00:00:00,1208.8199999999999,229.68000000000001,1438.5,50
931,F/017-000832,2018-12-30 00:00:00,1229.8299999999999,233.66999999999999,1463.5,82
932,F/003-000932,2018-12-30 00:00:00,3113.8699999999999,591.63,3705.5,50
933,F/002-000045,2018-12-30 00:00:00,3342.8600000000001,635.13999999999999,3978,96
934,F/003-000687,2018-12-30 00:00:00,696.22000000000003,132.28,828.5,6
935,F/002-001379,2018-12-30 00:00:00,8259.6599999999999,1569.3399999999999,9829,78
936,F/005-000082,2019-01-02 00:00:00,3137.3899999999999,596.11000000000001,3733.5,96
937,F/002-000563,2019-01-02 00:00:00,2183.1900000000001,414.81,2598,44
938,F/014-000769,2019-01-02 00:00:00,305.88,58.119999999999997,364,76
939,F/012-001380,2019-01-02 00:00:00,9000.4200000000001,1710.0799999999999,10710.5,17
940,F/007-001386,2019-01-02 00:00:00,1041.1800000000001,197.81999999999999,1239,19
941,F/013-000940,2019-01-02 00:00:00,677.73000000000002,128.77000000000001,806.5,53
942,F/010-000875,2019-01-02 00:00:00,3349.1599999999999,636.34000000000003,3985.5,66
943,F/019-000509,2019-01-02 00:00:00,1042.4400000000001,198.06,1240.5,38
944,F/005-001179,2019-01-07 00:00:00,893.27999999999997,169.72,1063,50
945,F/019-001427,2019-01-10 00:00:00,1325.6300000000001,251.87,1577.5,52
946,F/005-000770,2019-01-10 00:00:00,2109.2399999999998,400.75999999999999,2510,79
947,F/018-000776,2019-01-10 00:00:00,491.60000000000002,93.400000000000006,585,82
948,F/019-000226,2019-01-10 00:00:00,572.26999999999998,108.73,681,96
949,F/019-001564,2019-01-10 00:00:00,853.36000000000001,162.13999999999999,1015.5,9
950,F/015-001292,2019-01-17 00:00:00,5947.8999999999996,1130.0999999999999,7078,46
951,F/013-000275,2019-01-17 00:00:00,1523.53,289.47000000000003,1813,26
952,F/015-000622,2019-01-17 00:00:00,14736.969999999999,2800.0300000000002,17537,28
953,F/006-000476,2019-01-17 00:00:00,973.52999999999997,184.97,1158.5,10
954,F/001-000612,2019-01-25 00:00:00,482.35000000000002,91.650000000000006,574,86
955,F/012-000851,2019-01-25 00:00:00,1571.8499999999999,298.64999999999998,1870.5,47
956,F/011-000885,2019-01-25 00:00:00,489.07999999999998,92.920000000000002,582,85
957,F/009-001321,2019-01-25 00:00:00,1742.02,330.98000000000002,2073,62
958,F/005-000617,2019-01-25 00:00:00,1049.1600000000001,199.34,1248.5,98
959,F/013-000672,2019-01-25 00:00:00,4027.3099999999999,765.19000000000005,4792.5,70
960,F/017-000142,2019-01-25 00:00:00,1070.1700000000001,203.33000000000001,1273.5,54
961,F/007-001501,2019-01-25 00:00:00,628.99000000000001,119.51000000000001,748.5,20
962,F/010-001563,2019-02-03 00:00:00,77530.25,14730.75,92261,42
963,F/013-000219,2019-02-03 00:00:00,2038.24,387.25999999999999,2425.5,11
964,F/013-001305,2019-02-03 00:00:00,2209.6599999999999,419.83999999999997,2629.5,95
965,F/005-000458,2019-02-03 00:00:00,6194.54,1176.96,7371.5,65
966,F/004-000604,2019-02-03 00:00:00,3737.8200000000002,710.17999999999995,4448,10
967,F/017-000365,2019-02-03 00:00:00,2058.8200000000002,391.18000000000001,2450,49
968,F/013-001301,2019-02-03 00:00:00,4264.71,810.28999999999996,5075,82
969,F/005-000725,2019-02-13 00:00:00,21.43,4.0700000000000003,25.5,23
970,F/011-001476,2019-02-13 00:00:00,2751.6799999999998,522.82000000000005,3274.5,98
971,F/016-000548,2019-02-13 00:00:00,5588.2399999999998,1061.76,6650,11
972,F/012-000797,2019-02-13 00:00:00,7536.9700000000003,1432.03,8969,13
973,F/009-000325,2019-02-13 00:00:00,4807.5600000000004,913.44000000000005,5721,27
974,F/018-001146,2019-02-13 00:00:00,2939.5,558.5,3498,32
975,F/013-000100,2019-02-13 00:00:00,228.56999999999999,43.43,272,49
976,F/003-000237,2019-02-13 00:00:00,560.5,106.5,667,26
977,F/001-001493,2019-02-22 00:00:00,4785.71,909.28999999999996,5695,28
978,F/017-001592,2019-02-22 00:00:00,317.64999999999998,60.350000000000001,378,59
979,F/006-000971,2019-02-22 00:00:00,64.709999999999994,12.289999999999999,77,77
980,F/001-001108,2019-02-22 00:00:00,1374.96,261.24000000000001,1636.1999999999998,80
981,F/007-001208,2019-02-22 00:00:00,4735.29,899.71000000000004,5635,41
982,F/005-000191,2019-03-04 00:00:00,5388.9099999999999,1023.89,6412.7999999999993,21
983,F/007-001338,2019-03-04 00:00:00,321.00999999999999,60.990000000000002,382,34
984,F/017-000525,2019-03-04 00:00:00,1808.8199999999999,343.68000000000001,2152.5,23
985,F/015-001512,2019-03-04 00:00:00,5021.2600000000002,954.03999999999996,5975.3000000000002,9
986,F/013-001286,2019-03-04 00:00:00,455.04000000000002,86.459999999999994,541.5,40
987,F/019-001409,2019-03-04 00:00:00,3919.75,744.75,4664.5,51
988,F/006-000435,2019-03-04 00:00:00,873.52999999999997,165.97,1039.5,7
989,F/002-001329,2019-03-04 00:00:00,2286.5500000000002,434.44999999999999,2721,43
990,F/012-001453,2019-03-11 00:00:00,2352.9400000000001,447.06,2800,47
991,F/007-000398,2019-03-11 00:00:00,1856.72,352.77999999999997,2209.5,56
992,F/002-000404,2019-03-11 00:00:00,1023.53,194.47,1218,39
993,F/009-001127,2019-03-11 00:00:00,694.53999999999996,131.96000000000001,826.5,79
994,F/015-000976,2019-03-11 00:00:00,454.19999999999999,86.299999999999997,540.5,38
995,F/017-000101,2019-03-11 00:00:00,2913.0300000000002,553.47000000000003,3466.5,78
996,F/005-001249,2019-03-17 00:00:00,3340.3400000000001,634.65999999999997,3975,91
997,F/008-000504,2019-03-17 00:00:00,2654.71,504.38999999999999,3159.0999999999999,20
998,F/005-000439,2019-03-23 00:00:00,731.09000000000003,138.91,870,39
999,F/017-000098,2019-03-23 00:00:00,6465.1300000000001,1228.3699999999999,7693.5,46
1000,F/006-001245,2019-03-23 00:00:00,2405.8800000000001,457.12,2863,29
1001,F/018-000487,2019-03-23 00:00:00,3636.5500000000002,690.95000000000005,4327.5,42
1002,F/020-000713,2019-03-23 00:00:00,4899.0799999999999,930.82000000000005,5829.8999999999996,10
1003,F/013-001294,2019-03-23 00:00:00,14576.469999999999,2769.5300000000002,17346,57
1004,F/013-001542,2019-03-23 00:00:00,4621.0100000000002,877.99000000000001,5499,59
1005,F/006-001070,2019-03-30 00:00:00,351.68000000000001,66.819999999999993,418.5,73
1006,F/007-000791,2019-03-30 00:00:00,950.41999999999996,180.58000000000001,1131,28
1007,F/017-001164,2019-03-30 00:00:00,4145.8000000000002,787.70000000000005,4933.5,50
1008,F/013-001431,2019-03-30 00:00:00,16594.540000000001,3152.96,19747.5,47
1009,F/014-000475,2019-03-30 00:00:00,1915.97,364.02999999999997,2280,49
1010,F/013-000888,2019-03-30 00:00:00,235.28999999999999,44.710000000000001,280,64
1011,F/010-001235,2019-03-30 00:00:00,12415.129999999999,2358.8699999999999,14774,66
1012,F/008-001188,2019-04-06 00:00:00,171.00999999999999,32.490000000000002,203.5,54
1013,F/017-001589,2019-04-06 00:00:00,1580.25,300.25,1880.5,59
1014,F/006-000968,2019-04-06 00:00:00,61.759999999999998,11.74,73.5,4
1015,F/001-001105,2019-04-06 00:00:00,554.62,105.38,660,80
1016,F/003-000906,2019-04-06 00:00:00,1746.6400000000001,331.86000000000001,2078.5,42
1017,F/020-001517,2019-04-06 00:00:00,4918.4899999999998,934.50999999999999,5853,89
1018,F/002-000561,2019-04-06 00:00:00,71.849999999999994,13.65,85.5,97
1019,F/005-000054,2019-04-06 00:00:00,11104.370000000001,2109.8299999999999,13214.200000000001,94
1020,F/013-000109,2019-04-15 00:00:00,750.41999999999996,142.58000000000001,893,40
1021,F/007-000662,2019-04-15 00:00:00,282.35000000000002,53.649999999999999,336,84
1022,F/010-000969,2019-04-18 00:00:00,2603.2800000000002,494.62,3097.8999999999996,57
1023,F/003-000500,2019-04-18 00:00:00,1626.05,308.94999999999999,1935,23
1024,F/020-001108,2019-04-26 00:00:00,2540.3400000000001,482.66000000000003,3023,13
1025,F/006-000180,2019-04-26 00:00:00,1634.8699999999999,310.63,1945.5,57
1026,F/008-001041,2019-04-26 00:00:00,789.91999999999996,150.08000000000001,940,64
1027,F/013-000235,2019-04-26 00:00:00,1022.6900000000001,194.31,1217,43
1028,F/018-000229,2019-05-03 00:00:00,165.13,31.370000000000001,196.5,60
1029,F/019-000852,2019-05-03 00:00:00,529.40999999999997,100.59,630,93
1030,F/002-000402,2019-05-03 00:00:00,541.60000000000002,102.90000000000001,644.5,8
1031,F/002-000142,2019-05-06 00:00:00,1950.8399999999999,370.66000000000003,2321.5,20
1032,F/003-000099,2019-05-14 00:00:00,2463.8699999999999,468.13,2932,46
1033,F/006-001247,2019-05-14 00:00:00,670.16999999999996,127.33,797.5,86
1034,F/008-000372,2019-05-14 00:00:00,808.39999999999998,153.59999999999999,962,100
1035,F/015-001520,2019-05-14 00:00:00,2180.6700000000001,414.32999999999998,2595,34
1036,F/006-001113,2019-05-14 00:00:00,502.94,95.560000000000002,598.5,35
1037,F/014-000744,2019-05-23 00:00:00,1111.76,211.24000000000001,1323,7
1038,F/008-000123,2019-05-23 00:00:00,45.380000000000003,8.6199999999999992,54,24
1039,F/019-000443,2019-05-23 00:00:00,60.5,11.5,72,85
1040,F/011-001492,2019-05-23 00:00:00,1490.76,283.24000000000001,1774,73
1041,F/011-000139,2019-05-23 00:00:00,2698.4000000000001,512.70000000000005,3211.0999999999999,18
1042,F/013-000911,2019-05-23 00:00:00,2695.8000000000002,512.20000000000005,3208,14
1043,F/013-001030,2019-05-23 00:00:00,4901.2600000000002,931.24000000000001,5832.5,22
1044,F/009-000074,2019-05-23 00:00:00,1369.75,260.25,1630,30
1045,F/012-000136,2019-06-02 00:00:00,2728.9899999999998,518.50999999999999,3247.5,5
1046,F/011-000701,2019-06-02 00:00:00,636.54999999999995,120.95,757.5,74
1047,F/012-000919,2019-06-02 00:00:00,836.13,158.87,995,83
1048,F/013-001431,2019-06-02 00:00:00,156.30000000000001,29.699999999999999,186,98
1049,F/008-000505,2019-06-02 00:00:00,3114.71,591.78999999999996,3706.5,94
1050,F/020-000034,2019-06-02 00:00:00,7482.3500000000004,1421.6500000000001,8904,81
1051,F/002-001352,2019-06-02 00:00:00,2288.6599999999999,434.83999999999997,2723.5,45
1052,F/004-000485,2019-06-02 00:00:00,1322.27,251.22999999999999,1573.5,59
1053,F/012-000116,2019-06-07 00:00:00,1043.7,198.30000000000001,1242,31
1054,F/001-000172,2019-06-07 00:00:00,6328.6599999999999,1202.4400000000001,7531.0999999999995,75
1055,F/019-000752,2019-06-07 00:00:00,1155.04,219.46000000000001,1374.5,23
1056,F/017-000392,2019-06-07 00:00:00,2705.46,514.03999999999996,3219.5,36
1057,F/019-000618,2019-06-14 00:00:00,2313.0300000000002,439.47000000000003,2752.5,4
1058,F/008-000249,2019-06-14 00:00:00,5681.4300000000003,1079.47,6760.8999999999996,94
1059,F/004-000623,2019-06-14 00:00:00,5086.1300000000001,966.37,6052.5,16
1060,F/010-001374,2019-06-14 00:00:00,2693.6999999999998,511.80000000000001,3205.5,92
1061,F/011-001094,2019-06-14 00:00:00,3287.8200000000002,624.67999999999995,3912.5,22
1062,F/016-001069,2019-06-14 00:00:00,5986.1300000000001,1137.3699999999999,7123.5,44
1063,F/008-000647,2019-06-23 00:00:00,2564.29,487.20999999999998,3051.5,20
1064,F/004-001541,2019-06-23 00:00:00,2688.4000000000001,510.80000000000001,3199.1999999999998,26
1065,F/006-000679,2019-06-23 00:00:00,2626.4699999999998,499.02999999999997,3125.5,97
1066,F/020-000734,2019-06-23 00:00:00,1797.9000000000001,341.60000000000002,2139.5,43
1067,F/019-000222,2019-07-02 00:00:00,3878.1500000000001,736.85000000000002,4615,28
1068,F/020-000846,2019-07-02 00:00:00,2184.4499999999998,415.05000000000001,2599.5,61
1069,F/005-001550,2019-07-02 00:00:00,151.25999999999999,28.739999999999998,180,25
1070,F/013-001181,2019-07-02 00:00:00,759.65999999999997,144.34,904,70
1071,F/002-000812,2019-07-02 00:00:00,440.75999999999999,83.739999999999995,524.5,61
1072,F/013-001582,2019-07-02 00:00:00,351.68000000000001,66.819999999999993,418.5,47
1073,F/008-000797,2019-07-02 00:00:00,3280.25,623.25,3903.5,78
1074,F/016-000428,2019-07-02 00:00:00,503.77999999999997,95.719999999999999,599.5,24
1075,F/014-001414,2019-07-02 00:00:00,971.00999999999999,184.49000000000001,1155.5,3
1076,F/006-000567,2019-07-04 00:00:00,1408.8199999999999,267.68000000000001,1676.5,78
1077,F/018-001312,2019-07-04 00:00:00,2011.76,382.24000000000001,2394,45
1078,F/019-000314,2019-07-04 00:00:00,272.26999999999998,51.729999999999997,324,91
1079,F/014-000075,2019-07-12 00:00:00,1899.1600000000001,360.83999999999997,2260,31
1080,F/014-001292,2019-07-12 00:00:00,3916.3899999999999,744.11000000000001,4660.5,9
1081,F/011-000304,2019-07-12 00:00:00,2925.21,555.78999999999996,3481,50
1082,F/017-000925,2019-07-15 00:00:00,1583.1900000000001,300.81,1884,32
1083,F/010-000584,2019-07-15 00:00:00,2515.5500000000002,477.94999999999999,2993.5,14
1084,F/002-000432,2019-07-15 00:00:00,2921.8499999999999,555.14999999999998,3477,72
1085,F/004-001156,2019-07-15 00:00:00,2725.21,517.78999999999996,3243,13
1086,F/006-000706,2019-07-15 00:00:00,493.69999999999999,93.799999999999997,587.5,26
1087,F/013-001429,2019-07-15 00:00:00,905.88,172.12,1078,60
1088,F/014-000879,2019-07-20 00:00:00,376.47000000000003,71.530000000000001,448,100
1089,F/002-000004,2019-07-20 00:00:00,473.11000000000001,89.890000000000001,563,41
1090,F/019-000203,2019-07-20 00:00:00,300,57,357,72
1091,F/020-001373,2019-07-24 00:00:00,1053.78,200.22,1254,63
1092,F/012-000950,2019-07-24 00:00:00,2109.2399999999998,400.75999999999999,2510,39
1093,F/017-001196,2019-07-24 00:00:00,4550,864.5,5414.5,83
1094,F/012-001444,2019-07-24 00:00:00,2595.8000000000002,493.19999999999999,3089,79
1095,F/010-001397,2019-07-24 00:00:00,773.95000000000005,147.05000000000001,921,67
1096,F/010-000044,2019-07-24 00:00:00,3009.6599999999999,571.84000000000003,3581.5,30
1097,F/015-001115,2019-07-24 00:00:00,6595.9700000000003,1253.23,7849.1999999999998,32
1098,F/008-000644,2019-07-24 00:00:00,2836.5500000000002,538.95000000000005,3375.5,20
1099,F/013-000889,2019-08-02 00:00:00,5484.0299999999997,1041.97,6526,58
1100,F/014-001562,2019-08-02 00:00:00,6748.7399999999998,1282.26,8031,60
1101,F/006-001090,2019-08-09 00:00:00,671.42999999999995,127.56999999999999,799,48
1102,F/002-000811,2019-08-09 00:00:00,648.74000000000001,123.26000000000001,772,53
1103,F/005-001542,2019-08-09 00:00:00,285.29000000000002,54.210000000000001,339.5,25
1104,F/013-001173,2019-08-09 00:00:00,444.12,84.379999999999995,528.5,70
1105,F/007-000804,2019-08-09 00:00:00,591.60000000000002,112.40000000000001,704,42
1106,F/018-001415,2019-08-09 00:00:00,4397.4799999999996,835.51999999999998,5233,82
1107,F/006-000834,2019-08-09 00:00:00,688.24000000000001,130.75999999999999,819,29
1108,F/019-000077,2019-08-20 00:00:00,3011.3400000000001,572.15999999999997,3583.5,70
1109,F/002-000956,2019-08-20 00:00:00,3130.25,594.75,3725,42
1110,F/006-001236,2019-08-20 00:00:00,391.18000000000001,74.319999999999993,465.5,6
1111,F/014-000866,2019-08-20 00:00:00,683.19000000000005,129.81,813,71
1112,F/002-000822,2019-08-20 00:00:00,2934.4499999999998,557.54999999999995,3492,17
1113,F/014-001403,2019-08-20 00:00:00,1950,370.5,2320.5,70
1114,F/016-000152,2019-08-20 00:00:00,6848.2399999999998,1301.1600000000001,8149.3999999999996,41
1115,F/011-000301,2019-08-20 00:00:00,1221.8499999999999,232.15000000000001,1454,50
1116,F/006-000308,2019-08-20 00:00:00,283.61000000000001,53.890000000000001,337.5,59
1117,F/012-000137,2019-08-25 00:00:00,2047.0599999999999,388.94,2436,31
1118,F/019-000093,2019-08-25 00:00:00,3884.4499999999998,738.04999999999995,4622.5,3
1119,F/018-000754,2019-08-25 00:00:00,1249.9200000000001,237.47999999999999,1487.4000000000001,87
1120,F/006-000304,2019-08-25 00:00:00,3115.9699999999998,592.02999999999997,3708,46
1121,F/012-000153,2019-08-25 00:00:00,824.37,156.63,981,60
1122,F/019-000876,2019-08-25 00:00:00,1257.1400000000001,238.86000000000001,1496,100
1123,F/002-000426,2019-08-25 00:00:00,429.41000000000003,81.590000000000003,511,40
1124,F/003-001050,2019-08-25 00:00:00,8420.5900000000001,1599.9100000000001,10020.5,74
1125,F/007-000156,2019-08-25 00:00:00,167.65000000000001,31.850000000000001,199.5,38
1126,F/012-001323,2019-08-31 00:00:00,1914.29,363.70999999999998,2278,28
1127,F/020-000872,2019-08-31 00:00:00,1978.1500000000001,375.85000000000002,2354,37
1128,F/016-001228,2019-09-09 00:00:00,1352.0999999999999,256.89999999999998,1609,71
1129,F/009-001433,2019-09-09 00:00:00,1814.29,344.70999999999998,2159,86
1130,F/017-001064,2019-09-09 00:00:00,6100.8400000000001,1159.1600000000001,7260,52
1131,F/005-001019,2019-09-09 00:00:00,371.43000000000001,70.569999999999993,442,97
1132,F/016-001094,2019-09-09 00:00:00,7156.7200000000003,1359.78,8516.5,45
1133,F/012-001361,2019-09-09 00:00:00,1739.5,330.5,2070,35
1134,F/016-000279,2019-09-09 00:00:00,3485.21,662.19000000000005,4147.3999999999996,43
1135,F/016-000819,2019-09-12 00:00:00,872.26999999999998,165.72999999999999,1038,94
1136,F/005-001126,2019-09-12 00:00:00,10276.469999999999,1952.53,12229,87
1137,F/010-001150,2019-09-14 00:00:00,801.25999999999999,152.24000000000001,953.5,71
1138,F/014-000344,2019-09-14 00:00:00,4479.6599999999999,851.13999999999999,5330.7999999999993,50
1139,F/014-001433,2019-09-14 00:00:00,1777.3099999999999,337.69,2115,35
1140,F/006-001126,2019-09-14 00:00:00,281.50999999999999,53.490000000000002,335,36
1141,F/014-000757,2019-09-23 00:00:00,1622.27,308.23000000000002,1930.5,8
1142,F/020-000456,2019-09-23 00:00:00,3624.3699999999999,688.63,4313,84
1143,F/011-001483,2019-09-23 00:00:00,1366.8099999999999,259.69,1626.5,98
1144,F/016-000555,2019-09-23 00:00:00,2316.3899999999999,440.11000000000001,2756.5,43
1145,F/002-001201,2019-09-23 00:00:00,327.73000000000002,62.270000000000003,390,64
1146,F/002-000819,2019-09-23 00:00:00,2068.4899999999998,393.00999999999999,2461.5,17
1147,F/019-001400,2019-09-23 00:00:00,1376.05,261.44999999999999,1637.5,96
1148,F/017-001464,2019-09-23 00:00:00,3004.6199999999999,570.88,3575.5,3
1149,F/019-001266,2019-09-30 00:00:00,4810.0799999999999,913.91999999999996,5724,71
1150,F/013-000248,2019-09-30 00:00:00,2812.3499999999999,534.35000000000002,3346.6999999999998,24
1151,F/008-000523,2019-09-30 00:00:00,2469.3299999999999,469.17000000000002,2938.5,95
1152,F/009-000740,2019-09-30 00:00:00,9816.3899999999994,1865.1099999999999,11681.5,4
1153,F/004-001171,2019-09-30 00:00:00,132.34999999999999,25.149999999999999,157.5,87
1154,F/006-000296,2019-09-30 00:00:00,4337.3900000000003,824.11000000000001,5161.5,21
1155,F/007-001345,2019-09-30 00:00:00,715.97000000000003,136.03,852,61
1156,F/014-000470,2019-09-30 00:00:00,3340.3400000000001,634.65999999999997,3975,2
1157,F/006-000163,2019-09-30 00:00:00,2377.3099999999999,451.69,2829,2
1158,F/009-001172,2019-09-30 00:00:00,1376.8900000000001,261.61000000000001,1638.5,67
1159,F/007-001206,2019-10-07 00:00:00,481.08999999999997,91.409999999999997,572.5,86
1160,F/009-001008,2019-10-07 00:00:00,1315.1300000000001,249.87,1565,48
1161,F/001-000315,2019-10-17 00:00:00,1400.8399999999999,266.16000000000003,1667,2
1162,F/005-000594,2019-10-17 00:00:00,434.87,82.629999999999995,517.5,65
1163,F/014-000225,2019-10-17 00:00:00,5982.0200000000004,1136.5799999999999,7118.5999999999995,37
1164,F/006-000781,2019-10-17 00:00:00,8186.1300000000001,1555.3699999999999,9741.5,89
1165,F/014-000036,2019-10-17 00:00:00,1950.8399999999999,370.66000000000003,2321.5,96
1166,F/007-000241,2019-10-17 00:00:00,8952.9400000000005,1701.0599999999999,10654,38
1167,F/005-001227,2019-10-20 00:00:00,4232.7700000000004,804.23000000000002,5037,17
1168,F/007-000483,2019-10-20 00:00:00,13796.219999999999,2621.2800000000002,16417.5,24
1169,F/006-000517,2019-10-20 00:00:00,1314.71,249.78999999999999,1564.5,44
1170,F/013-000468,2019-10-20 00:00:00,2176.4699999999998,413.52999999999997,2590,60
1171,F/009-001110,2019-10-20 00:00:00,968.07000000000005,183.93000000000001,1152,95
1172,F/014-000304,2019-10-20 00:00:00,5357.5600000000004,1017.9400000000001,6375.5,47
1173,F/018-000197,2019-10-20 00:00:00,7732.9399999999996,1469.26,9202.2000000000007,58
1174,F/001-000921,2019-10-20 00:00:00,656.72000000000003,124.78,781.5,97
1175,F/007-000750,2019-10-25 00:00:00,2583.6100000000001,490.88999999999999,3074.5,70
1176,F/015-000308,2019-10-25 00:00:00,2974.1999999999998,565.10000000000002,3539.3000000000002,16
1177,F/014-001394,2019-10-25 00:00:00,1439.9200000000001,273.57999999999998,1713.5,1
1178,F/016-000649,2019-10-27 00:00:00,2054.6199999999999,390.38,2445,35
1179,F/008-000754,2019-10-27 00:00:00,1591.1800000000001,302.31999999999999,1893.5,44
1180,F/016-000385,2019-10-27 00:00:00,2860.9200000000001,543.58000000000004,3404.5,16
1181,F/015-001096,2019-11-03 00:00:00,669.75,127.25,797,81
1182,F/020-000814,2019-11-03 00:00:00,1109.24,210.75999999999999,1320,28
1183,F/012-001565,2019-11-03 00:00:00,2093.6999999999998,397.80000000000001,2491.5,77
1184,F/017-000212,2019-11-03 00:00:00,3851.2600000000002,731.74000000000001,4583,16
1185,F/018-001261,2019-11-12 00:00:00,143.69999999999999,27.300000000000001,171,56
1186,F/014-001527,2019-11-12 00:00:00,534.45000000000005,101.55,636,27
1187,F/011-001083,2019-11-16 00:00:00,19151.259999999998,3638.7399999999998,22790,19
1188,F/006-000929,2019-11-20 00:00:00,442.44,84.060000000000002,526.5,21
1189,F/014-000854,2019-11-20 00:00:00,158.81999999999999,30.18,189,98
1190,F/014-000178,2019-11-25 00:00:00,2417.6500000000001,459.35000000000002,2877,65
1191,F/007-000631,2019-11-25 00:00:00,475.20999999999998,90.290000000000006,565.5,82
1192,F/002-000767,2019-11-25 00:00:00,2853.7800000000002,542.22000000000003,3396,59
1193,F/004-000993,2019-11-25 00:00:00,3796.6399999999999,721.36000000000001,4518,46
1194,F/020-000274,2019-12-05 00:00:00,1358.8199999999999,258.18000000000001,1617,99
1195,F/005-000554,2019-12-05 00:00:00,622.69000000000005,118.31,741,63
1196,F/013-000185,2019-12-05 00:00:00,1647.9000000000001,313.10000000000002,1961,35
1197,F/020-000141,2019-12-05 00:00:00,2223.9499999999998,422.55000000000001,2646.5,74
1198,F/018-000721,2019-12-05 00:00:00,1615.1300000000001,306.87,1922,54
1199,F/017-000885,2019-12-05 00:00:00,890.34000000000003,169.16,1059.5,66
1200,F/014-000189,2019-12-05 00:00:00,1050.8399999999999,199.66,1250.5,76
1201,F/003-001418,2019-12-05 00:00:00,1268.0699999999999,240.93000000000001,1509,49
1202,F/014-000319,2019-12-05 00:00:00,11870.59,2255.4099999999999,14126,70
1203,F/005-000971,2019-12-10 00:00:00,3727.3099999999999,708.19000000000005,4435.5,40
1204,F/001-000267,2019-12-10 00:00:00,628.57000000000005,119.43000000000001,748,76
1205,F/009-000322,2019-12-10 00:00:00,2416.3899999999999,459.11000000000001,2875.5,48
1206,F/018-000190,2019-12-10 00:00:00,4532.4399999999996,861.15999999999997,5393.6000000000004,57
1207,F/008-001549,2019-12-10 00:00:00,1061.3399999999999,201.66,1263,23
1208,F/012-001167,2019-12-10 00:00:00,1892.02,359.48000000000002,2251.5,2
1209,F/016-000636,2019-12-16 00:00:00,2395.8000000000002,455.19999999999999,2851,12
1210,F/018-000186,2019-12-16 00:00:00,1323.53,251.47,1575,26
1211,F/007-000910,2019-12-16 00:00:00,5597.1400000000003,1063.46,6660.5999999999995,65
1212,F/003-001564,2019-12-16 00:00:00,397.48000000000002,75.519999999999996,473,75
1213,F/017-000233,2019-12-16 00:00:00,3442.4400000000001,654.05999999999995,4096.5,45
1214,F/018-000450,2019-12-16 00:00:00,618.07000000000005,117.43000000000001,735.5,54
1215,F/014-001387,2019-12-16 00:00:00,2064.71,392.29000000000002,2457,62
1216,F/006-001198,2019-12-24 00:00:00,2546.2199999999998,483.77999999999997,3030,98
1217,F/007-001164,2019-12-24 00:00:00,3150,598.5,3748.5,79
1218,F/003-000884,2019-12-24 00:00:00,1346.22,255.78,1602,34
1219,F/018-001258,2019-12-24 00:00:00,970.91999999999996,184.47999999999999,1155.4000000000001,56
1220,F/014-001524,2019-12-24 00:00:00,2688.9099999999999,510.88999999999999,3199.7999999999997,26
1221,F/014-000469,2019-12-24 00:00:00,855.46000000000004,162.53999999999999,1018,29
1222,F/018-000584,2019-12-28 00:00:00,3201.0900000000001,608.21000000000004,3809.2999999999997,79
