IdCompra,IdProducto,Cantidad,PrecioUni,Total
1,149,66,18.5,1221
1,13,135,41.799999999999997,5643
1,287,82,4.5,369
2,213,45,3.5,157.5
2,317,112,1.5,168
3,120,96,1.5,144
3,208,119,4.5,535.5
3,134,78,26.5,2067
3,231,54,1.5,81
4,162,43,1.5,64.5
4,258,120,3.5,420
4,172,61,3.5,213.5
5,265,76,9,684
5,183,119,5,595
6,35,67,16.5,1105.5
6,169,66,8,528
7,43,23,3.5,80.5
7,76,117,14.5,1696.5
8,71,30,61.5,1845
8,274,104,7,728
8,302,108,10.5,1134
9,87,113,31.5,3559.5
9,29,116,24.5,2842
10,136,79,27.5,2172.5
10,16,98,61.5,6027
10,49,54,12.5,675
11,43,63,3.5,220.5
11,60,113,16.5,1864.5
11,7,75,15.5,1162.5
12,47,60,4.5,270
12,234,90,15.5,1395
13,270,110,10.5,1155
13,42,133,7,931
13,283,93,1.5,139.5
13,163,75,15.5,1162.5
14,94,101,10.5,1060.5
14,190,40,9.5,380
14,110,48,128.5,6168
14,314,20,13.5,270
15,37,143,18.5,2645.5
15,225,35,5,175
15,251,38,3.5,133
16,32,42,23.5,987
16,274,38,7,266
17,85,147,28.5,4189.5
17,265,123,9,1107
17,258,61,3.5,213.5
18,35,114,16.5,1881
18,185,120,2.5,300
19,42,70,7,490
19,92,33,10.5,346.5
20,69,34,61.5,2091
21,134,118,26.5,3127
21,314,94,13.5,1269
22,261,126,2.5,315
22,25,22,23.5,517
23,52,90,16.5,1485
23,32,116,23.5,2726
23,166,115,4.5,517.5
24,59,81,0.5,40.5
24,93,36,9.5,342
24,81,16,17.5,280
25,308,68,9,612
25,33,78,22.5,1755
25,113,148,3.5,518
26,160,86,46.799999999999997,4024.7999999999997
26,140,113,4.5,508.5
26,17,138,56.799999999999997,7838.3999999999996
27,260,59,16.5,973.5
27,248,38,1.5,57
27,157,92,40.799999999999997,3753.5999999999999
28,159,53,45.799999999999997,2427.3999999999996
28,200,100,2.5,250
28,280,32,20.5,656
29,11,108,18.5,1998
29,307,135,9.5,1282.5
29,125,98,4.5,441
30,314,91,13.5,1228.5
30,32,148,23.5,3478
31,25,19,23.5,446.5
31,275,106,18.5,1961
32,52,121,16.5,1996.5
32,286,27,3.5,94.5
32,158,57,105.5,6013.5
33,213,86,3.5,301
33,301,109,11.5,1253.5
33,227,68,6,408
34,254,33,1.5,49.5
34,34,110,18.5,2035
35,65,142,18.5,2627
35,61,75,4.5,337.5
35,295,81,9.5,769.5
36,88,39,993.5,38746.5
37,235,122,9,1098
38,46,131,4.5,589.5
38,142,106,25.5,2703
39,154,130,293.5,38155
39,149,62,18.5,1147
39,67,69,27.5,1897.5
40,176,27,5,135
40,310,128,22.5,2880
40,82,13,20.5,266.5
41,237,49,69.5,3405.5
41,309,28,27.5,770
41,135,118,31.5,3717
42,136,80,27.5,2200
42,262,90,3.5,315
42,84,48,23.5,1128
43,132,124,20.5,2542
43,111,13,9.5,123.5
43,161,12,3.5,42
44,138,115,34.5,3967.5
44,172,71,3.5,248.5
44,160,50,46.799999999999997,2340
44,302,104,10.5,1092
45,113,112,3.5,392
45,192,45,1.5,67.5
46,220,112,3.5,392
46,200,139,2.5,347.5
46,250,101,1.5,151.5
47,227,103,6,618
47,261,59,2.5,147.5
47,248,38,1.5,57
48,188,118,14.5,1711
48,159,54,45.799999999999997,2473.1999999999998
49,115,39,7,273
49,204,26,4.5,117
49,230,29,2.5,72.5
49,209,55,3.5,192.5
50,41,37,8,296
50,236,20,3.5,70
51,84,45,23.5,1057.5
51,263,123,2.5,307.5
51,197,35,9,315
52,290,87,1.5,130.5
53,2,17,17.5,297.5
54,203,29,3.5,101.5
54,129,25,4.5,112.5
55,256,135,1.5,202.5
55,36,111,37.5,4162.5
55,285,23,2.5,57.5
56,63,75,32.5,2437.5
56,296,82,9,738
56,143,36,21.5,774
56,169,39,8,312
57,296,149,9,1341
57,176,30,5,150
58,107,19,18.5,351.5
58,203,96,3.5,336
59,150,27,27.5,742.5
59,230,61,2.5,152.5
59,147,104,20.5,2132
60,55,16,1.5,24
61,264,119,9,1071
61,298,75,11.5,862.5
61,53,55,3.5,192.5
61,195,145,4.5,652.5
62,197,70,9,630
62,6,117,16.5,1930.5
62,2,49,17.5,857.5
62,236,55,3.5,192.5
63,29,13,24.5,318.5
63,65,108,18.5,1998
63,153,95,20.5,1947.5
64,308,29,9,261
64,64,147,21.5,3160.5
65,3,88,18.5,1628
65,207,24,3.5,84
66,246,147,4.5,661.5
66,118,39,7,273
66,60,42,16.5,693
66,40,105,16.5,1732.5
67,167,42,3.5,147
67,47,25,4.5,112.5
67,81,118,17.5,2065
68,92,39,10.5,409.5
68,295,150,9.5,1425
68,105,22,9.5,209
68,185,92,2.5,230
69,232,30,22.5,675
70,33,42,22.5,945
70,18,64,66.5,4256
71,145,36,26.5,954
71,9,150,14.5,2175
71,259,62,2.5,155
72,186,121,1.5,181.5
72,57,49,0.5,24.5
72,83,52,28.5,1482
73,284,65,3.5,227.5
73,126,24,6,144
74,233,24,19.5,468
74,97,137,4.5,616.5
74,31,50,23.5,1175
75,124,65,7,455
76,171,142,4.5,639
76,151,30,10.5,315
76,285,29,2.5,72.5
76,57,53,0.5,26.5
77,212,88,2.5,220
77,200,68,2.5,170
77,25,20,23.5,470
77,107,54,18.5,999
78,134,19,26.5,503.5
78,283,25,1.5,37.5
78,155,92,94.5,8694
79,294,121,10.5,1270.5
79,66,107,19.5,2086.5
79,308,103,9,927
80,209,21,3.5,73.5
80,119,75,3.5,262.5
81,142,75,25.5,1912.5
82,244,80,5,400
83,67,72,27.5,1980
83,155,95,94.5,8977.5
83,80,55,17.5,962.5
84,298,111,11.5,1276.5
84,207,63,3.5,220.5
84,303,140,10.5,1470
84,237,89,69.5,6185.5
85,248,148,1.5,222
85,179,66,10.5,693
85,120,69,1.5,103.5
86,247,77,1.5,115.5
86,127,60,1.5,90
86,161,15,3.5,52.5
87,172,74,3.5,259
88,181,127,6,762
88,99,133,20.5,2726.5
89,208,92,4.5,414
89,26,91,25.5,2320.5
90,215,48,5,240
91,147,36,20.5,738
91,242,12,5,60
91,260,62,16.5,1023
92,187,121,10.5,1270.5
92,59,13,0.5,6.5
92,317,16,1.5,24
93,202,65,4.5,292.5
93,128,25,3.5,87.5
94,113,81,3.5,283.5
94,155,127,94.5,12001.5
94,251,67,3.5,234.5
95,282,99,6,594
95,46,31,4.5,139.5
95,196,74,3.5,259
96,73,134,63.5,8509
96,123,133,15.5,2061.5
96,211,120,3.5,420
97,134,54,26.5,1431
97,122,34,8,272
97,263,87,2.5,217.5
98,245,40,4.5,180
98,55,87,1.5,130.5
98,134,19,26.5,503.5
99,182,95,68.5,6507.5
99,161,122,3.5,427
99,211,85,3.5,297.5
100,188,86,14.5,1247
100,222,42,2.5,105
101,149,101,18.5,1868.5
101,121,37,9.5,351.5
102,76,22,14.5,319
102,264,52,9,468
102,33,81,22.5,1822.5
103,234,130,15.5,2015
103,160,89,46.799999999999997,4165.1999999999998
103,39,72,22.5,1620
104,203,97,3.5,339.5
104,66,37,19.5,721.5
104,316,87,2.5,217.5
104,288,59,1.5,88.5
105,243,146,3.5,511
105,115,74,7,518
105,141,77,2.5,192.5
105,120,104,1.5,156
106,248,77,1.5,115.5
106,128,60,3.5,210
106,161,16,3.5,56
107,155,25,94.5,2362.5
107,88,75,993.5,74512.5
108,99,134,20.5,2747
108,203,62,3.5,217
108,229,65,2.5,162.5
108,209,92,3.5,322
109,40,37,16.5,610.5
109,236,56,3.5,196
110,68,140,62.5,8750
110,164,79,5,395
111,112,149,28.5,4246.5
111,191,44,9,396
111,109,87,14.5,1261.5
112,218,147,3.5,514.5
112,36,146,37.5,5475
112,124,31,7,217
113,279,67,14.5,971.5
113,35,46,16.5,759
113,176,137,5,685
114,284,100,3.5,350
114,280,32,20.5,656
115,11,108,18.5,1998
115,307,135,9.5,1282.5
115,124,134,7,938
116,18,99,66.5,6583.5
116,51,55,9.5,522.5
117,45,64,1.5,96
117,62,114,7,798
117,266,50,9,450
118,48,61,5,305
118,236,91,3.5,318.5
119,63,143,32.5,4647.5
119,305,102,8,816
119,185,85,2.5,212.5
120,116,110,8,880
121,117,72,3.5,252
121,243,82,3.5,287
121,7,14,15.5,217
122,34,82,18.5,1517
122,14,108,46.799999999999997,5054.3999999999996
123,77,90,10.5,945
123,41,73,8,584
123,75,29,37.5,1087.5
124,68,37,62.5,2312.5
124,2,87,17.5,1522.5
125,95,140,13.5,1890
125,245,146,4.5,657
126,122,105,8,840
126,74,25,52.799999999999997,1320
127,51,27,9.5,256.5
127,85,120,28.5,3420
127,73,100,63.5,6350
127,215,15,5,75
128,26,24,25.5,612
128,105,57,9.5,541.5
128,255,100,2.5,250
129,132,22,20.5,451
129,266,21,9,189
129,38,44,29.5,1298
129,280,142,20.5,2911
130,161,51,3.5,178.5
130,303,141,10.5,1480.5
131,72,103,72.5,7467.5
131,114,113,4.5,508.5
131,194,45,5,225
131,28,52,39.799999999999997,2069.5999999999999
132,221,148,7,1036
132,38,147,29.5,4336.5
132,126,134,6,804
133,281,68,6,408
133,269,48,20.5,984
133,179,101,10.5,1060.5
134,239,89,3.5,311.5
135,279,74,14.5,1073
135,66,141,19.5,2749.5
136,206,133,2.5,332.5
137,99,135,20.5,2767.5
137,133,54,6,324
137,120,33,1.5,49.5
138,31,85,23.5,1997.5
138,53,123,3.5,430.5
138,133,19,6,114
138,51,62,9.5,589
139,160,121,46.799999999999997,5662.7999999999993
139,294,121,10.5,1270.5
139,66,144,19.5,2808
140,221,42,7,294
140,293,21,9.5,199.5
140,118,111,7,777
141,245,83,4.5,373.5
141,241,15,6,90
142,190,48,9.5,456
142,170,75,3.5,262.5
143,317,20,1.5,30
143,197,39,9,351
144,128,28,3.5,98
144,224,142,2.5,355
144,241,54,6,324
145,168,113,6,678
145,40,143,16.5,2359.5
145,298,146,11.5,1679
146,163,48,15.5,744
147,3,84,18.5,1554
147,74,64,52.799999999999997,3379.1999999999998
147,216,16,2.5,40
147,312,93,9.5,883.5
148,27,126,17.5,2205
148,107,58,18.5,1073
148,257,101,2.5,252.5
149,134,23,26.5,609.5
149,184,22,0.5,11
149,271,146,9.5,1387
149,197,142,9,1278
150,242,86,5,430
150,67,140,27.5,3850
150,247,116,1.5,174
151,194,148,5,740
151,274,80,7,560
151,108,87,18.5,1609.5
152,301,45,11.5,517.5
153,12,147,44.799999999999997,6585.5999999999995
153,46,103,4.5,463.5
153,34,83,18.5,1535.5
153,156,128,46.799999999999997,5990.3999999999996
154,241,89,6,534
155,68,105,62.5,6562.5
155,94,108,10.5,1134
156,295,19,9.5,180.5
156,221,116,7,812
156,100,99,2.5,247.5
156,134,54,26.5,1431
157,127,63,1.5,94.5
157,61,113,4.5,508.5
157,249,42,3.5,147
158,205,129,3.5,451.5
158,76,58,14.5,841
158,102,61,10.5,640.5
159,303,73,10.5,766.5
159,229,69,2.5,172.5
159,109,52,14.5,754
160,40,41,16.5,676.5
160,136,16,27.5,440
160,70,67,72.5,4857.5
161,143,110,21.5,2365
161,61,117,4.5,526.5
162,304,38,9,342
162,76,61,14.5,884.5
163,231,97,1.5,145.5
163,219,76,3.5,266
164,158,54,105.5,5697
164,130,128,6,768
164,172,37,3.5,129.5
165,100,31,2.5,77.5
165,42,34,7,238
165,21,61,66.5,4056.5
165,155,60,94.5,5670
166,48,25,5,125
166,82,119,20.5,2439.5
167,75,128,37.5,4800
167,93,40,9.5,380
168,20,99,60.5,5989.5
168,208,28,4.5,126
168,150,31,27.5,852.5
169,15,34,66.5,2261
169,257,132,2.5,330
170,242,86,5,430
170,68,140,62.5,8750
170,164,116,5,580
171,195,148,4.5,666
171,191,80,9,720
171,108,87,18.5,1609.5
172,35,146,16.5,2409
172,123,31,15.5,480.5
173,180,24,6,144
173,252,141,3.5,493.5
174,191,83,9,747
175,284,135,3.5,472.5
175,118,40,7,280
176,311,100,5,500
176,45,99,1.5,148.5
177,22,65,61.5,3997.5
177,56,20,1.5,30
177,24,129,18.5,2386.5
178,279,71,14.5,1029.5
179,206,130,2.5,325
179,78,58,31.5,1827
179,104,61,3.5,213.5
180,305,74,8,592
180,147,33,20.5,676.5
181,132,126,20.5,2583
181,274,41,7,287
181,137,17,45.799999999999997,778.59999999999991
181,71,67,61.5,4120.5
182,57,14,0.5,7
182,245,44,4.5,198
182,271,47,9.5,446.5
183,156,96,46.799999999999997,4492.7999999999993
183,82,55,20.5,1127.5
184,299,111,12.5,1387.5
184,125,63,4.5,283.5
184,305,141,8,1128
184,238,53,15.5,821.5
185,16,105,61.5,6457.5
185,146,103,19.5,2008.5
186,23,61,19.5,1189.5
187,170,43,3.5,150.5
187,50,26,10.5,273
188,297,15,10.5,157.5
188,77,129,10.5,1354.5
188,11,41,18.5,758.5
189,22,100,61.5,6150
189,125,28,4.5,126
189,151,31,10.5,325.5
190,247,136,1.5,204
190,173,95,7,665
190,53,115,3.5,402.5
191,300,103,10.5,1081.5
192,301,65,11.5,747.5
192,27,112,17.5,1960
192,107,145,18.5,2682.5
192,25,50,23.5,1175
193,268,109,17.5,1907.5
193,39,132,22.5,2970
193,261,83,2.5,207.5
194,247,139,1.5,208.5
195,186,81,1.5,121.5
196,195,133,4.5,598.5
196,113,140,3.5,490
197,222,98,2.5,245
197,40,97,16.5,1600.5
198,26,44,25.5,1122
198,98,23,1.5,34.5
198,240,77,5,385
199,241,39,6,234
199,51,85,9.5,807.5
199,46,17,4.5,76.5
200,94,57,10.5,598.5
200,73,120,63.5,7620
201,221,65,7,455
201,100,48,2.5,120
201,134,142,26.5,3763
202,108,142,18.5,2627
202,125,54,4.5,243
203,219,107,3.5,374.5
203,52,150,16.5,2475
204,246,71,4.5,319.5
204,295,71,9.5,674.5
205,273,36,17.5,630
205,306,130,9,1170
206,135,146,31.5,4599
206,23,81,19.5,1579.5
206,148,128,20.5,2624
207,250,133,1.5,199.5
207,275,136,18.5,2516
208,161,149,3.5,521.5
208,2,108,17.5,1890
208,282,127,6,762
209,129,116,4.5,522
209,309,92,27.5,2530
210,237,116,69.5,8062
210,316,149,2.5,372.5
211,48,87,5,435
211,27,114,17.5,1995
211,161,113,3.5,395.5
212,54,79,1.5,118.5
212,88,34,993.5,33779
212,76,14,14.5,203
213,15,93,66.5,6184.5
213,303,66,10.5,693
214,1,40,16.5,660
215,195,136,4.5,612
215,12,136,44.799999999999997,6092.7999999999993
215,100,122,2.5,305
216,243,36,3.5,126
216,153,90,20.5,1845
217,154,51,293.5,14968.5
217,196,98,3.5,343
217,276,30,37.5,1125
218,303,98,10.5,1029
218,283,124,1.5,186
218,101,87,8,696
219,310,89,22.5,2002.5
219,28,146,39.799999999999997,5810.7999999999993
220,21,17,66.5,1130.5
220,271,104,9.5,988
221,48,119,5,595
221,282,25,6,150
221,153,55,20.5,1127.5
222,109,40,14.5,580
222,197,63,9,567
223,36,99,37.5,3712.5
223,108,78,18.5,1443
223,250,31,1.5,46.5
223,29,108,24.5,2646
224,56,73,1.5,109.5
224,290,79,1.5,118.5
224,162,146,1.5,219
224,104,149,3.5,521.5
225,305,23,8,184
225,211,112,3.5,392
226,196,66,3.5,231
226,22,120,61.5,7380
226,118,96,7,672
227,145,60,26.5,1590
227,63,67,32.5,2177.5
227,250,97,1.5,145.5
227,192,100,1.5,150
228,77,149,10.5,1564.5
228,3,108,18.5,1998
228,199,91,3.5,318.5
229,189,142,9,1278
229,285,81,2.5,202.5
230,316,114,2.5,285
230,80,46,17.5,805
230,230,89,2.5,222.5
231,107,149,18.5,2756.5
231,157,148,40.799999999999997,6038.3999999999996
231,244,135,5,675
232,136,40,27.5,1100
232,277,93,3.5,325.5
233,279,55,14.5,797.5
233,88,102,993.5,101337
233,168,34,6,204
234,215,110,5,550
234,195,137,4.5,616.5
234,245,99,4.5,445.5
235,222,101,2.5,252.5
235,256,57,1.5,85.5
235,244,36,5,180
236,84,73,23.5,1715.5
237,178,89,18.5,1646.5
237,11,132,18.5,2442
238,22,53,61.5,3259.5
238,110,76,128.5,9766
239,265,112,9,1008
240,259,121,2.5,302.5
240,192,33,1.5,49.5
241,266,77,9,693
241,100,83,2.5,207.5
241,288,150,1.5,225
241,313,15,10.5,157.5
242,198,27,4.5,121.5
242,124,23,7,161
243,26,79,25.5,2014.5
243,251,133,3.5,465.5
243,31,109,23.5,2561.5
244,294,141,10.5,1480.5
244,58,73,1.5,109.5
244,35,105,16.5,1732.5
245,278,26,9,234
245,50,49,10.5,514.5
246,205,85,3.5,297.5
247,198,94,4.5,423
248,145,25,26.5,662.5
248,225,59,5,295
248,143,102,21.5,2193
249,232,15,22.5,337.5
249,50,14,10.5,147
249,138,37,34.5,1276.5
250,49,53,12.5,662.5
250,191,143,9,1287
251,192,68,1.5,102
251,2,115,17.5,2012.5
251,313,47,10.5,493.5
251,231,53,1.5,79.5
252,24,149,18.5,2756.5
252,158,149,105.5,15719.5
252,246,135,4.5,607.5
253,304,27,9,243
253,59,145,0.5,72.5
254,315,86,1.5,129
254,202,22,4.5,99
255,242,145,5,725
255,113,37,3.5,129.5
255,55,40,1.5,60
255,35,103,16.5,1699.5
256,182,48,68.5,3288
256,62,31,7,217
256,76,116,14.5,1682
257,69,125,61.5,7687.5
257,87,37,31.5,1165.5
258,180,90,6,540
259,207,54,3.5,189
260,270,36,10.5,378
260,234,19,15.5,294.5
261,81,146,17.5,2555
261,4,148,12.5,1850
261,254,60,1.5,90
262,31,112,23.5,2632
262,181,119,6,714
263,58,77,1.5,115.5
263,108,40,18.5,740
264,85,41,28.5,1168.5
265,249,30,3.5,105
265,112,144,28.5,4104
265,46,56,4.5,252
266,269,107,20.5,2193.5
266,141,137,2.5,342.5
267,280,27,20.5,553.5
268,174,131,4.5,589.5
268,207,86,3.5,301
268,195,66,4.5,297
268,21,18,66.5,1197
269,106,118,10.5,1239
269,148,128,20.5,2624
269,228,60,3.5,210
269,279,23,14.5,333.5
270,290,119,1.5,178.5
270,62,105,7,735
270,303,101,10.5,1060.5
271,205,19,3.5,66.5
271,114,73,4.5,328.5
272,116,35,8,280
272,157,81,40.799999999999997,3304.7999999999997
272,237,13,69.5,903.5
273,265,81,9,729
273,244,107,5,535
274,76,53,14.5,768.5
274,271,72,9.5,684
274,305,129,8,1032
275,232,87,22.5,1957.5
275,204,22,4.5,99
275,246,69,4.5,310.5
275,9,103,14.5,1493.5
276,57,41,0.5,20.5
276,36,67,37.5,2512.5
277,243,75,3.5,262.5
277,122,58,8,464
277,156,13,46.799999999999997,608.39999999999998
278,149,22,18.5,407
278,167,72,3.5,252
278,55,146,1.5,219
279,94,131,10.5,1375.5
279,282,60,6,360
279,224,63,2.5,157.5
280,89,67,9,603
280,15,26,66.5,1729
281,316,119,2.5,297.5
281,142,34,25.5,867
281,238,148,15.5,2294
281,256,60,1.5,90
282,265,113,9,1017
282,183,119,5,595
283,292,77,3.5,269.5
284,219,100,3.5,350
284,253,56,2.5,140
284,9,35,14.5,507.5
285,264,115,9,1035
285,152,87,10.5,913.5
286,191,72,9,648
287,68,132,62.5,8250
287,118,131,7,917
287,206,118,2.5,295
288,117,32,3.5,112
288,239,77,3.5,269.5
289,240,38,5,190
289,50,85,10.5,892.5
289,130,17,6,102
290,177,93,7,651
290,157,120,40.799999999999997,4896
290,206,83,2.5,207.5
291,184,84,0.5,42
291,217,40,16.5,660
292,270,75,10.5,787.5
292,204,125,4.5,562.5
292,175,61,5,305
293,2,76,17.5,1330
293,28,79,39.799999999999997,3144.1999999999998
294,229,128,2.5,320
294,155,87,94.5,8221.5
294,35,70,16.5,1155
295,198,95,4.5,427.5
295,62,35,7,245
295,312,85,9.5,807.5
295,283,57,1.5,85.5
296,219,135,3.5,472.5
296,91,64,9.5,608
296,116,67,8,536
296,96,93,2.5,232.5
297,243,75,3.5,262.5
297,123,58,15.5,899
298,150,23,27.5,632.5
298,84,73,23.5,1715.5
299,177,125,7,875
299,95,132,13.5,1782
300,106,47,10.5,493.5
301,133,149,6,894
301,166,69,4.5,310.5
301,154,48,293.5,14088
301,64,138,21.5,2967
302,65,100,18.5,1850
303,104,85,3.5,297.5
303,292,115,3.5,402.5
304,12,136,44.799999999999997,6092.7999999999993
304,99,21,20.5,430.5
304,25,118,23.5,2773
304,221,101,7,707
305,152,126,10.5,1323
305,248,65,1.5,97.5
306,279,98,14.5,1421
306,275,30,18.5,555
307,6,106,16.5,1749
307,302,133,10.5,1396.5
307,179,20,10.5,210
308,72,123,72.5,8917.5
308,106,79,10.5,829.5
308,177,58,7,406
309,5,73,18.5,1350.5
309,130,120,6,720
309,126,52,6,312
309,44,59,0.5,29.5
310,153,17,20.5,348.5
310,287,118,4.5,531
310,59,141,0.5,70.5
311,194,30,5,150
311,266,147,9,1323
312,205,89,3.5,311.5
312,93,61,9.5,579.5
313,4,77,12.5,962.5
313,30,80,22.5,1800
314,147,92,20.5,1886
314,73,88,63.5,5588
314,36,71,37.5,2662.5
315,102,17,10.5,178.5
315,282,131,6,786
315,216,43,2.5,107.5
316,309,95,27.5,2612.5
317,40,33,16.5,544.5
318,83,143,28.5,4075.5
318,47,25,4.5,112.5
319,210,13,2.5,32.5
319,74,127,52.799999999999997,6705.5999999999995
319,304,31,9,279
320,81,47,17.5,822.5
321,128,123,3.5,430.5
321,108,149,18.5,2756.5
321,242,149,5,745
322,135,114,31.5,3591
322,169,70,8,560
322,157,49,40.799999999999997,1999.1999999999998
322,298,139,11.5,1598.5
323,127,127,1.5,190.5
324,82,75,20.5,1537.5
324,270,142,10.5,1491
325,93,33,9.5,313.5
326,288,83,1.5,124.5
326,202,124,4.5,558
326,174,60,4.5,270
327,213,45,3.5,157.5
327,317,112,1.5,168
328,42,61,7,427
328,129,84,4.5,378
328,55,44,1.5,66
329,253,91,2.5,227.5
329,163,43,15.5,666.5
329,258,121,3.5,423.5
330,206,52,2.5,130
330,28,111,39.799999999999997,4417.7999999999993
330,262,16,3.5,56
330,134,46,26.5,1219
331,189,75,9,675
331,277,98,3.5,343
332,168,105,6,630
332,310,57,22.5,1282.5
332,90,134,10.5,1407
333,22,123,61.5,7564.5
333,17,55,56.799999999999997,3124
334,65,132,18.5,2442
334,44,20,0.5,10
334,158,149,105.5,15719.5
334,246,135,4.5,607.5
335,85,70,28.5,1995
335,157,49,40.799999999999997,1999.1999999999998
335,299,103,12.5,1287.5
336,169,137,8,1096
336,165,69,3.5,241.5
336,82,76,20.5,1558
337,172,25,3.5,87.5
337,306,126,9,1134
337,78,149,31.5,4693.5
338,304,26,9,234
338,130,117,6,702
339,33,35,22.5,787.5
339,159,45,45.799999999999997,2061
340,260,50,16.5,825
341,296,71,9,639
341,67,57,27.5,1567.5
342,307,130,9.5,1235
342,294,109,10.5,1144.5
343,234,51,15.5,790.5
343,121,124,9.5,1178
343,247,33,1.5,49.5
343,11,103,18.5,1905.5
344,117,67,3.5,234.5
344,97,94,4.5,423
345,160,39,46.799999999999997,1825.1999999999998
345,124,58,7,406
346,151,23,10.5,241.5
346,85,73,28.5,2080.5
347,178,89,18.5,1646.5
347,12,132,44.799999999999997,5913.5999999999995
348,185,45,2.5,112.5
349,16,27,61.5,1660.5
349,212,148,2.5,370
350,59,35,0.5,17.5
350,239,112,3.5,392
350,173,24,7,168
351,266,77,9,693
351,100,83,2.5,207.5
351,288,150,1.5,225
351,313,15,10.5,157.5
352,153,145,20.5,2972.5
353,308,80,9,720
353,296,59,9,531
353,206,113,2.5,282.5
354,207,75,3.5,262.5
354,249,121,3.5,423.5
354,13,53,41.799999999999997,2215.3999999999996
354,246,60,4.5,270
355,154,110,293.5,32285
355,241,133,6,798
355,167,92,3.5,322
355,47,112,4.5,504
356,294,101,10.5,1060.5
356,74,40,52.799999999999997,2112
356,8,127,15.5,1968.5
356,295,62,9.5,589
357,206,78,2.5,195
357,148,81,20.5,1660.5
358,275,89,18.5,1646.5
358,214,98,3.5,343
358,248,53,1.5,79.5
358,3,33,18.5,610.5
359,259,112,2.5,280
359,146,48,19.5,936
360,57,100,0.5,50
361,113,129,3.5,451.5
361,200,115,2.5,287.5
361,126,75,6,450
361,6,94,16.5,1551
362,233,74,19.5,1443
363,235,36,9,324
363,44,83,0.5,41.5
363,40,15,16.5,247.5
364,87,54,31.5,1701
364,67,117,27.5,3217.5
365,214,62,3.5,217
365,94,45,10.5,472.5
365,128,139,3.5,486.5
366,40,17,16.5,280.5
366,244,127,5,635
366,54,137,1.5,205.5
367,155,143,94.5,13513.5
367,181,146,6,876
367,161,34,3.5,119
368,188,137,14.5,1986.5
369,35,126,16.5,2079
369,215,101,5,505
370,142,125,25.5,3187.5
370,222,57,2.5,142.5
371,269,134,20.5,2747
371,249,22,3.5,77
371,299,123,12.5,1537.5
371,155,146,94.5,13797
372,310,81,22.5,1822.5
372,298,60,11.5,690
372,123,114,15.5,1767
373,268,101,17.5,1767.5
374,223,86,3.5,301
374,95,116,13.5,1566
375,6,30,16.5,495
375,247,128,1.5,192
375,127,110,1.5,165
375,161,66,3.5,231
376,154,75,293.5,22012.5
376,88,125,993.5,124187.5
376,60,97,16.5,1600.5
376,82,99,20.5,2029.5
377,183,104,5,520
377,209,107,3.5,374.5
378,94,119,10.5,1249.5
378,20,115,60.5,6957.5
378,215,98,5,490
378,249,54,3.5,189
379,242,63,5,315
379,176,113,5,565
379,148,49,20.5,1004.5
380,88,129,993.5,128161.5
380,192,57,1.5,85.5
380,217,60,16.5,990
381,103,73,3.5,255.5
381,28,32,39.799999999999997,1273.5999999999999
382,246,88,4.5,396
382,155,40,94.5,3780
382,251,117,3.5,409.5
383,278,82,9,738
383,196,125,3.5,437.5
384,285,38,2.5,95
384,103,37,3.5,129.5
384,191,60,9,540
384,117,20,3.5,70
385,102,76,10.5,798
385,244,28,5,140
385,23,105,19.5,2047.5
386,55,138,1.5,207
386,50,70,10.5,735
386,284,76,3.5,266
387,136,60,27.5,1650
388,284,143,3.5,500.5
388,163,25,15.5,387.5
389,95,14,13.5,189
389,190,128,9.5,1216
389,208,40,4.5,180
390,135,99,31.5,3118.5
390,7,129,15.5,1999.5
390,265,132,9,1188
391,130,34,6,204
391,56,131,1.5,196.5
391,252,114,3.5,399
391,286,70,3.5,245
392,279,79,14.5,1145.5
392,296,129,9,1161
392,184,101,0.5,50.5
392,310,111,22.5,2497.5
393,95,117,13.5,1579.5
393,121,119,9.5,1130.5
393,101,146,8,1168
394,66,85,19.5,1657.5
394,29,68,24.5,1666
394,63,23,32.5,747.5
395,56,32,1.5,48
395,306,82,9,738
396,83,135,28.5,3847.5
396,233,141,19.5,2749.5
397,160,62,46.799999999999997,2901.5999999999999
397,16,85,61.5,5227.5
397,174,45,4.5,202.5
398,139,129,16.5,2128.5
398,281,44,6,264
398,145,20,26.5,530
398,78,70,31.5,2205
399,172,86,3.5,301
399,5,129,18.5,2386.5
400,199,51,3.5,178.5
401,226,15,5,75
402,132,67,20.5,1373.5
402,312,144,9.5,1368
402,245,56,4.5,252
403,172,115,3.5,402.5
403,44,44,0.5,22
403,70,47,72.5,3407.5
404,271,59,9.5,560.5
404,197,55,9,495
405,8,26,15.5,403
405,84,132,23.5,3102
405,18,44,66.5,2926
406,111,96,9.5,912
407,158,34,105.5,3587
408,43,47,3.5,164.5
409,187,62,10.5,651
409,96,14,2.5,35
409,192,92,1.5,138
410,42,118,7,826
410,121,14,9.5,133
411,169,90,8,720
411,148,116,20.5,2378
411,282,116,6,696
412,175,81,5,405
412,209,37,3.5,129.5
412,281,16,6,96
413,200,87,2.5,217.5
413,88,23,993.5,22850.5
414,127,146,1.5,219
414,315,75,1.5,112.5
414,257,78,2.5,195
414,237,104,69.5,7228
415,68,49,62.5,3062.5
415,264,69,9,621
415,298,24,11.5,276
416,308,83,9,747
417,61,24,4.5,108
417,295,30,9.5,285
417,166,60,4.5,270
418,222,89,2.5,222.5
418,309,112,27.5,3080
418,235,71,9,639
419,220,127,3.5,444.5
419,46,80,4.5,360
419,142,19,25.5,484.5
419,160,69,46.799999999999997,3229.1999999999998
420,233,113,19.5,2203.5
420,67,18,27.5,495
421,260,78,16.5,1287
421,310,77,22.5,1732.5
422,287,42,4.5,189
422,5,136,18.5,2516
423,314,145,13.5,1957.5
424,163,134,15.5,2077
424,243,66,3.5,231
424,76,73,14.5,1058.5
425,3,132,18.5,2442
426,297,134,10.5,1407
426,14,90,46.799999999999997,4212
426,2,69,17.5,1207.5
427,257,148,2.5,370
427,229,84,2.5,210
427,271,131,9.5,1244.5
428,36,91,37.5,3412.5
428,62,94,7,658
429,263,143,2.5,357.5
429,189,102,9,918
429,69,85,61.5,5227.5
430,232,110,22.5,2475
431,1,72,16.5,1188
431,43,82,3.5,287
431,123,14,15.5,217
432,229,116,2.5,290
432,209,143,3.5,500.5
432,27,142,17.5,2485
433,236,107,3.5,374.5
433,270,63,10.5,661.5
433,258,42,3.5,147
434,169,58,8,464
434,210,104,2.5,260
434,290,37,1.5,55.5
435,21,113,66.5,7514.5
435,297,131,10.5,1375.5
435,115,93,7,651
436,8,95,15.5,1472.5
436,42,14,7,98
437,35,23,16.5,379.5
437,285,110,2.5,275
437,257,46,2.5,115
438,296,31,9,279
438,168,61,6,366
438,110,64,128.5,8224
439,211,69,3.5,241.5
439,137,29,45.799999999999997,1328.1999999999998
440,122,85,8,680
440,264,37,9,333
440,44,114,0.5,57
441,71,79,61.5,4858.5
441,305,85,8,680
441,176,14,5,70
441,118,17,7,119
442,3,29,18.5,536.5
442,245,127,4.5,571.5
443,211,73,3.5,255.5
443,37,126,18.5,2331
443,132,102,20.5,2091
514,33,27,22.5,607.5
514,113,97,3.5,339.5
515,63,131,32.5,4257.5
515,42,19,7,133
515,176,120,5,600
515,264,143,9,1287
1109,84,85,23.5,1997.5
1109,2,91,17.5,1592.5
1110,111,49,9.5,465.5
1111,259,132,2.5,330
1184,258,125,3.5,437.5
1184,21,57,66.5,3790.5
1184,255,64,2.5,160
1185,162,114,1.5,171
1186,56,116,1.5,174
1186,89,35,9,315
1186,77,14,10.5,147
1187,304,66,9,594
1187,30,113,22.5,2542.5
1187,110,146,128.5,18761
1187,27,51,17.5,892.5
1188,171,67,4.5,301.5
1188,259,90,2.5,225
1189,98,126,1.5,189
1190,109,47,14.5,681.5
1190,313,121,10.5,1270.5
1190,122,29,8,232
1190,118,99,7,693
1191,146,29,19.5,565.5
1192,31,41,23.5,963.5
1192,273,139,17.5,2432.5
1193,258,93,3.5,325.5
1193,84,147,23.5,3454.5
1193,180,123,6,738
1194,266,113,9,1017
1194,183,120,5,600
1195,293,78,9.5,741
1196,124,23,7,161
1196,4,144,12.5,1800
1197,251,31,3.5,108.5
1197,31,108,23.5,2538
1198,42,132,7,924
1198,122,64,8,512
1198,272,108,4.5,486
1199,149,29,18.5,536.5
1199,199,28,3.5,98
1199,286,15,3.5,52.5
1199,212,149,2.5,372.5
1200,197,67,9,603
1200,241,77,6,462
1200,104,53,3.5,185.5
1201,52,86,16.5,1419
1201,131,18,5,90
1202,179,94,10.5,987
1202,158,121,105.5,12765.5
1202,208,83,4.5,373.5
1203,219,41,3.5,143.5
1203,187,150,10.5,1575
1203,13,65,41.799999999999997,2717
1204,98,27,1.5,40.5
1204,140,74,4.5,333
1204,220,107,3.5,374.5
1205,267,45,61.5,2767.5
1205,247,72,1.5,108
1206,78,54,31.5,1701
1206,17,62,56.799999999999997,3521.5999999999999
1206,51,18,9.5,171
1207,44,27,0.5,13.5
1207,294,77,10.5,808.5
1207,265,49,9,441
1208,221,136,7,952
1208,92,65,10.5,682.5
1208,118,68,7,476
1208,98,94,1.5,141
1209,105,50,9.5,475
1209,139,144,16.5,2376
1210,132,15,20.5,307.5
1210,66,65,19.5,1267.5
1211,159,117,45.799999999999997,5358.5999999999995
1211,77,124,10.5,1302
1212,186,82,1.5,123
1212,222,140,2.5,350
1213,116,142,8,1136
1213,149,61,18.5,1128.5
1213,137,40,45.799999999999997,1832
1214,76,19,14.5,275.5
1214,48,92,5,460
1215,87,78,31.5,2457
1216,311,128,5,640
1216,82,13,20.5,266.5
1216,8,110,15.5,1705
1216,204,93,4.5,418.5
1217,135,119,31.5,3748.5
1218,136,44,27.5,1210
1218,262,90,3.5,315
1218,258,22,3.5,77
1219,48,124,5,620
1219,28,13,39.799999999999997,517.39999999999998
1219,162,12,1.5,18
1220,55,116,1.5,174
1220,89,71,9,639
1220,160,51,46.799999999999997,2386.7999999999997
1221,100,130,2.5,325
1221,303,66,10.5,693
1222,195,73,4.5,328.5
1222,137,76,45.799999999999997,3480.7999999999997
1111,138,14,34.5,483
1112,50,132,10.5,1386
1112,146,108,19.5,2106
1113,177,140,7,980
1113,173,73,7,511
1113,90,79,10.5,829.5
1114,200,37,2.5,92.5
1114,17,138,56.799999999999997,7838.3999999999996
1114,105,23,9.5,218.5
1115,163,16,15.5,248
1115,235,134,9,1206
1116,174,75,4.5,337.5
1117,101,33,8,264
1117,289,63,5,315
1117,314,66,13.5,891
1117,294,92,10.5,966
1118,22,66,61.5,4059
1118,301,49,11.5,563.5
1119,149,37,18.5,684.5
1119,12,13,44.799999999999997,582.39999999999998
1119,262,63,3.5,220.5
1120,39,116,22.5,2610
1120,189,122,9,1098
1121,126,106,6,636
1121,175,69,5,345
1122,153,71,20.5,1455.5
1122,186,27,1.5,40.5
1123,180,35,6,210
1123,113,86,3.5,301
1124,187,93,10.5,976.5
1124,21,136,66.5,9044
1125,214,57,3.5,199.5
1126,241,22,6,132
1126,275,116,18.5,2146
1127,268,125,17.5,2187.5
1127,202,37,4.5,166.5
1128,30,53,22.5,1192.5
1128,218,119,3.5,416.5
1129,41,148,8,1184
1129,129,135,4.5,607.5
1129,55,131,1.5,196.5
1129,250,114,1.5,171
1130,182,102,68.5,6987
1130,277,78,3.5,273
1131,205,102,3.5,357
1131,285,34,2.5,85
1132,16,110,61.5,6765
1132,312,137,9.5,1301.5
1132,129,100,4.5,450
1133,23,101,19.5,1969.5
1133,56,21,1.5,31.5
1133,44,138,0.5,69
1134,43,142,3.5,497
1134,14,78,46.799999999999997,3650.3999999999996
1135,241,93,6,558
1135,183,96,5,480
1136,68,145,62.5,9062.5
1136,310,104,22.5,2340
1136,190,87,9.5,826.5
1137,197,43,9,387
1137,215,93,5,465
1137,103,29,3.5,101.5
1138,142,14,25.5,357
1138,14,81,46.799999999999997,3790.7999999999997
1138,271,84,9.5,798
1138,251,110,3.5,385
1139,82,55,20.5,1127.5
1139,278,75,9,675
1139,212,125,2.5,312.5
1140,206,134,2.5,335
1141,233,99,19.5,1930.5
1142,280,138,20.5,2829
1142,260,63,16.5,1039.5
1142,77,26,10.5,273
1142,165,49,3.5,171.5
1143,301,77,11.5,885.5
1143,56,56,1.5,84
1143,198,146,4.5,657
1144,200,108,2.5,270
1144,9,118,14.5,1711
1144,89,50,9,450
1144,239,93,3.5,325.5
1145,116,15,8,120
1145,166,14,4.5,63
1145,254,138,1.5,207
1146,236,99,3.5,346.5
1146,224,78,2.5,195
1146,49,132,12.5,1650
1146,229,108,2.5,270
1147,176,140,5,700
1147,256,72,1.5,108
1147,90,79,10.5,829.5
1148,283,37,1.5,55.5
1148,313,129,10.5,1354.5
1148,169,14,8,112
1148,11,111,18.5,2053.5
1149,138,120,34.5,4140
1149,1,96,16.5,1584
1150,265,128,9,1152
1150,28,24,39.799999999999997,955.19999999999993
1032,115,145,7,1015
1032,133,57,6,342
1033,226,110,5,550
1033,60,15,16.5,247.5
1034,253,74,2.5,185
1034,303,74,10.5,777
1035,280,39,20.5,799.5
1035,314,133,13.5,1795.5
1036,287,133,4.5,598.5
1037,314,98,13.5,1323
1038,45,36,1.5,54
1039,247,48,1.5,72
1040,303,77,10.5,808.5
1040,290,57,1.5,85.5
1040,116,110,8,880
1041,201,72,3.5,252
1150,178,67,18.5,1239.5
1151,55,126,1.5,189
1151,91,83,9.5,788.5
1151,178,106,18.5,1961
1152,18,142,66.5,9443
1152,5,121,18.5,2238.5
1153,261,63,2.5,157.5
1154,38,115,29.5,3392.5
1154,188,122,14.5,1769
1155,45,71,1.5,106.5
1155,179,71,10.5,745.5
1156,72,36,72.5,2610
1156,106,130,10.5,1365
1157,99,138,20.5,2829
1158,106,59,10.5,619.5
1158,185,129,2.5,322.5
1158,103,135,3.5,472.5
1158,207,64,3.5,224
1159,118,79,7,553
1159,44,39,0.5,19.5
1160,261,95,2.5,237.5
1160,171,47,4.5,211.5
1160,266,124,9,1116
1161,274,80,7,560
1161,191,123,9,1107
1162,301,45,11.5,517.5
1163,132,26,20.5,533
1163,12,147,44.799999999999997,6585.5999999999995
1164,259,35,2.5,87.5
1164,39,112,22.5,2520
1164,267,116,61.5,7134
1165,277,31,3.5,108.5
1165,194,37,5,185
1165,66,104,19.5,2028
1166,121,133,9.5,1263.5
1166,209,119,3.5,416.5
1166,135,78,31.5,2457
1166,15,98,66.5,6517
1167,22,54,61.5,3321
1167,40,104,16.5,1716
1168,49,19,12.5,237.5
1168,283,25,1.5,37.5
1168,154,55,293.5,16142.5
1169,210,84,2.5,210
1169,297,107,10.5,1123.5
1169,223,66,3.5,231
1170,268,148,17.5,2590
1171,207,90,3.5,315
1171,95,62,13.5,837
1172,134,47,26.5,1245.5
1172,6,77,16.5,1270.5
1172,31,80,23.5,1880
1172,11,107,18.5,1979.5
1173,74,89,52.799999999999997,4699.1999999999998
1173,18,63,66.5,4189.5
1173,52,19,16.5,313.5
1174,45,27,1.5,40.5
1174,295,78,9.5,741
1175,222,137,2.5,342.5
1175,94,65,10.5,682.5
1175,120,68,1.5,102
1175,99,95,20.5,1947.5
1176,64,135,21.5,2902.5
1176,28,16,39.799999999999997,636.79999999999995
1177,191,143,9,1287
1177,55,119,1.5,178.5
1177,305,31,8,248
1178,232,90,22.5,2025
1178,103,120,3.5,420
1179,223,140,3.5,490
1179,311,25,5,125
1179,236,123,3.5,430.5
1179,116,106,8,848
1180,279,131,14.5,1899.5
1180,143,70,21.5,1505
1181,170,35,3.5,122.5
1181,4,41,12.5,512.5
1181,192,108,1.5,162
1182,74,25,52.799999999999997,1320
1183,283,128,1.5,192
1183,1,84,16.5,1386
1183,305,63,8,504
1183,214,117,3.5,409.5
1184,216,78,2.5,195
1041,243,119,3.5,416.5
1041,7,14,15.5,217
1041,157,57,40.799999999999997,2325.5999999999999
1042,34,117,18.5,2164.5
1042,168,116,6,696
1042,255,139,2.5,347.5
1043,75,29,37.5,1087.5
1043,63,146,32.5,4745
1044,2,88,17.5,1540
1044,290,60,1.5,90
1045,117,75,3.5,262.5
1045,142,78,25.5,1989
1045,122,105,8,840
1045,256,104,1.5,156
1046,208,95,4.5,427.5
1046,242,51,5,255
1046,230,30,2.5,75
1047,169,110,8,880
1047,141,46,2.5,115
1048,180,31,6,186
1049,289,127,5,635
1049,87,81,31.5,2551.5
1049,175,104,5,520
1050,14,140,46.799999999999997,6552
1050,2,120,17.5,2100
1050,228,72,3.5,252
1051,229,33,2.5,82.5
1051,271,80,9.5,760
1051,35,114,16.5,1881
1052,82,52,20.5,1066
1052,279,35,14.5,507.5
1053,306,138,9,1242
1054,237,25,69.5,1737.5
1054,17,102,56.799999999999997,5793.5999999999995
1055,48,135,5,675
1055,44,67,0.5,33.5
1055,278,74,9,666
1056,51,23,9.5,218.5
1056,185,23,2.5,57.5
1056,273,147,17.5,2572.5
1056,199,106,3.5,371
1057,10,115,16.5,1897.5
1057,105,90,9.5,855
1058,137,123,45.799999999999997,5633.3999999999996
1058,132,55,20.5,1127.5
1059,239,120,3.5,420
1059,218,45,3.5,157.5
1059,36,146,37.5,5475
1060,245,111,4.5,499.5
1060,279,67,14.5,971.5
1060,35,47,16.5,775.5
1060,177,137,7,959
1061,178,98,18.5,1813
1061,304,108,9,972
1061,67,41,27.5,1127.5
1062,95,108,13.5,1458
1062,75,135,37.5,5062.5
1062,125,134,4.5,603
1063,135,55,31.5,1732.5
1063,123,34,15.5,527
1063,265,88,9,792
1064,266,50,9,450
1064,76,96,14.5,1392
1064,156,29,46.799999999999997,1357.1999999999998
1065,105,62,9.5,589
1065,85,89,28.5,2536.5
1066,149,34,18.5,629
1066,112,53,28.5,1510.5
1067,139,18,16.5,297
1067,73,68,63.5,4318
1068,147,75,20.5,1537.5
1068,296,118,9,1062
1069,174,40,4.5,180
1070,5,22,18.5,407
1070,201,142,3.5,497
1071,48,30,5,150
1071,228,107,3.5,374.5
1072,234,27,15.5,418.5
1073,19,33,72.5,2392.5
1073,45,36,1.5,54
1073,25,62,23.5,1457
1074,172,44,3.5,154
1074,52,27,16.5,445.5
1075,299,15,12.5,187.5
1075,59,121,0.5,60.5
1075,309,33,27.5,907.5
1076,4,92,12.5,1150
1076,107,21,18.5,388.5
1076,133,23,6,138
1077,18,36,66.5,2394
1078,174,72,4.5,324
1079,2,124,17.5,2170
1079,290,60,1.5,90
1080,13,45,41.799999999999997,1880.9999999999998
1080,201,75,3.5,262.5
1080,143,78,21.5,1677
1080,122,105,8,840
1081,270,87,10.5,913.5
1081,149,69,18.5,1276.5
1081,164,17,5,85
957,82,96,20.5,1968
958,167,57,3.5,199.5
958,209,104,3.5,364
958,289,137,5,685
959,20,75,60.5,4537.5
959,316,102,2.5,255
960,128,75,3.5,262.5
960,7,58,15.5,899
960,41,14,8,112
961,34,23,18.5,425.5
961,284,73,3.5,255.5
961,256,45,1.5,67.5
962,83,60,28.5,1710
962,109,63,14.5,913.5
962,88,90,993.5,89415
962,222,89,2.5,222.5
963,10,147,16.5,2425.5
964,258,135,3.5,472.5
964,37,111,18.5,2053.5
964,287,23,4.5,103.5
965,64,76,21.5,1634
965,298,82,11.5,943
965,86,149,29.5,4395.5
965,112,14,28.5,399
966,293,18,9.5,171
966,219,115,3.5,402.5
966,99,135,20.5,2767.5
966,132,54,20.5,1107
1081,235,134,9,1206
1082,62,149,7,1043
1082,188,58,14.5,841
1083,289,63,5,315
1083,231,66,1.5,99
1083,211,93,3.5,325.5
1083,29,92,24.5,2254
1084,238,57,15.5,883.5
1084,15,39,66.5,2593.5
1085,8,48,15.5,744
1085,26,98,25.5,2499
1086,35,12,16.5,198
1086,269,19,20.5,389.5
1087,62,115,7,805
1087,196,78,3.5,273
1088,103,128,3.5,448
1089,96,137,2.5,342.5
1089,114,49,4.5,220.5
1090,207,102,3.5,357
1091,234,66,15.5,1023
1091,284,66,3.5,231
1092,162,125,1.5,187.5
1092,195,81,4.5,364.5
1092,183,61,5,305
1092,9,114,14.5,1653
1093,10,76,16.5,1254
1093,136,123,27.5,3382.5
1093,216,55,2.5,137.5
1093,50,61,10.5,640.5
1094,223,149,3.5,521.5
1094,273,112,17.5,1960
1094,129,135,4.5,607.5
1095,284,69,3.5,241.5
1095,272,49,4.5,220.5
1095,97,102,4.5,459
1096,183,64,5,320
1096,224,110,2.5,275
1096,304,144,9,1296
1096,138,49,34.5,1690.5
1097,74,134,52.799999999999997,7075.1999999999998
1097,208,134,4.5,603
1097,296,19,9,171
1098,135,55,31.5,1732.5
1098,123,34,15.5,527
1098,264,124,9,1116
1099,75,96,37.5,3600
1099,155,28,94.5,2646
1099,305,35,8,280
1100,162,122,1.5,183
1100,296,122,9,1098
1100,68,108,62.5,6750
1101,211,22,3.5,77
1101,121,76,9.5,722
1102,122,37,8,296
1102,164,84,5,420
1102,243,16,3.5,56
1103,192,49,1.5,73.5
1103,172,76,3.5,266
1104,3,21,18.5,388.5
1104,199,40,3.5,140
1105,130,29,6,174
1105,226,106,5,530
1106,173,37,7,259
1106,233,62,19.5,1209
1106,151,106,10.5,1113
1106,23,136,19.5,2652
1107,78,26,31.5,819
1108,5,85,18.5,1572.5
1108,77,65,10.5,682.5
1108,219,17,3.5,59.5
1108,314,94,13.5,1269
1109,89,15,9,135
967,126,63,6,378
967,59,149,0.5,74.5
967,31,85,23.5,1997.5
968,70,70,72.5,5075
969,56,17,1.5,25.5
970,266,120,9,1080
970,300,76,10.5,798
970,55,55,1.5,82.5
970,197,146,9,1314
971,198,71,4.5,319.5
971,8,117,15.5,1813.5
971,4,50,12.5,625
971,237,56,69.5,3892
972,11,144,18.5,2664
972,145,143,26.5,3789.5
972,233,129,19.5,2515.5
973,72,64,72.5,4640
973,144,43,19.5,838.5
973,285,97,2.5,242.5
974,287,59,4.5,265.5
974,96,105,2.5,262.5
974,310,132,22.5,2970
975,41,34,8,272
976,242,83,5,415
976,168,42,6,252
977,295,50,9.5,475
977,75,128,37.5,4800
977,92,40,10.5,420
978,166,84,4.5,378
979,213,22,3.5,77
980,14,34,46.799999999999997,1591.1999999999998
980,256,30,1.5,45
981,241,86,6,516
981,67,140,27.5,3850
981,306,141,9,1269
982,17,106,56.799999999999997,6020.7999999999993
982,167,112,3.5,392
983,44,71,0.5,35.5
983,94,33,10.5,346.5
984,71,35,61.5,2152.5
985,215,15,5,75
985,78,129,31.5,4063.5
985,12,41,44.799999999999997,1836.8
986,105,57,9.5,541.5
987,153,133,20.5,2726.5
987,132,22,20.5,451
987,266,21,9,189
987,38,44,29.5,1298
988,94,37,10.5,388.5
988,81,16,17.5,280
988,223,106,3.5,371
989,308,68,9,612
989,34,78,18.5,1443
989,114,148,4.5,666
990,141,113,2.5,282.5
990,275,112,18.5,2072
990,46,99,4.5,445.5
991,182,25,68.5,1712.5
991,170,142,3.5,497
992,109,84,14.5,1218
993,202,136,4.5,612
993,120,143,1.5,214.5
994,229,101,2.5,252.5
994,47,64,4.5,288
995,315,91,1.5,136.5
995,33,148,22.5,3330
996,276,106,37.5,3975
997,53,122,3.5,427
997,287,27,4.5,121.5
997,159,57,45.799999999999997,2610.5999999999999
998,282,100,6,600
998,208,60,4.5,270
999,193,116,5,580
999,19,68,72.5,4930
999,115,145,7,1015
999,132,57,20.5,1168.5
1000,142,110,25.5,2805
1000,59,116,0.5,58
1001,70,31,72.5,2247.5
1001,204,31,4.5,139.5
1001,292,17,3.5,59.5
1001,217,114,16.5,1881
1002,203,69,3.5,241.5
1002,28,123,39.799999999999997,4895.3999999999996
1002,124,99,7,693
1003,155,131,94.5,12379.5
1003,151,63,10.5,661.5
1003,69,70,61.5,4305
1004,158,19,105.5,2004.5
1004,292,120,3.5,420
1004,64,143,21.5,3074.5
1005,291,20,1.5,30
1005,117,111,3.5,388.5
1006,118,72,7,504
1006,244,82,5,410
1006,7,14,15.5,217
1007,114,116,4.5,522
1007,93,143,9.5,1358.5
1007,143,142,21.5,3053
1008,120,107,1.5,160.5
883,252,94,3.5,329
883,293,141,9.5,1339.5
884,104,149,3.5,521.5
884,84,37,23.5,869.5
884,218,138,3.5,483
884,306,23,9,207
885,145,59,26.5,1563.5
885,133,39,6,234
885,42,129,7,903
885,138,68,34.5,2346
886,303,94,10.5,987
886,67,128,27.5,3520
887,94,92,10.5,966
887,227,92,6,552
888,121,57,9.5,541.5
888,155,13,94.5,1228.5
889,148,22,20.5,451
889,146,63,19.5,1228.5
889,34,137,18.5,2534.5
890,73,122,63.5,7747
890,261,51,2.5,127.5
890,202,54,4.5,243
891,13,25,41.799999999999997,1045
891,209,45,3.5,157.5
892,140,34,4.5,153
892,236,147,3.5,514.5
892,313,85,10.5,892.5
893,6,138,16.5,2277
893,240,144,5,720
894,167,65,3.5,227.5
894,255,88,2.5,220
894,180,48,6,288
895,166,104,4.5,468
895,307,56,9.5,532
895,87,133,31.5,4189.5
896,178,89,18.5,1646.5
897,226,27,5,135
898,27,40,17.5,700
898,269,35,20.5,717.5
899,254,92,1.5,138
1008,154,63,293.5,18490.5
1008,142,43,25.5,1096.5
1009,81,122,17.5,2135
1009,285,58,2.5,145
1010,305,35,8,280
1011,182,131,68.5,8973.5
1011,232,94,22.5,2115
1011,87,117,31.5,3685.5
1012,230,31,2.5,77.5
1012,56,84,1.5,126
1013,141,46,2.5,115
1013,86,50,29.5,1475
1013,165,83,3.5,290.5
1014,213,21,3.5,73.5
1015,98,70,1.5,105
1015,24,30,18.5,555
1016,241,86,6,516
1016,67,38,27.5,1045
1016,246,115,4.5,517.5
1017,174,139,4.5,625.5
1017,254,71,1.5,106.5
1017,87,78,31.5,2457
1017,275,144,18.5,2664
1018,98,35,1.5,52.5
1018,186,22,1.5,33
1019,25,94,23.5,2209
1019,13,74,41.799999999999997,3093.1999999999998
1019,239,127,3.5,444.5
1019,19,103,72.5,7467.5
1020,105,94,9.5,893
1021,152,32,10.5,336
1022,279,141,14.5,2044.5
1022,159,23,45.799999999999997,1053.3999999999999
1023,90,150,10.5,1575
1023,166,80,4.5,360
1024,193,45,5,225
1024,111,88,9.5,836
1024,298,118,11.5,1357
1024,240,121,5,605
1025,125,32,4.5,144
1025,51,129,9.5,1225.5
1025,247,112,1.5,168
1025,281,68,6,408
1026,176,34,5,170
1026,193,84,5,420
1026,81,20,17.5,350
1027,120,143,1.5,214.5
1027,308,71,9,639
1027,250,74,1.5,111
1027,230,101,2.5,252.5
1028,257,66,2.5,165
1028,290,21,1.5,31.5
1029,264,22,9,198
1029,282,72,6,432
1030,291,124,1.5,186
1030,209,131,3.5,458.5
1031,136,52,27.5,1430
1031,223,75,3.5,262.5
1031,149,34,18.5,629
1032,276,42,37.5,1575
899,80,145,17.5,2537.5
899,259,121,2.5,302.5
900,187,42,10.5,441
900,21,49,66.5,3258.5
900,209,115,3.5,402.5
901,264,108,9,972
901,120,131,1.5,196.5
901,277,90,3.5,315
901,241,109,6,654
902,88,98,993.5,97363
902,268,74,17.5,1295
903,196,98,3.5,343
903,275,131,18.5,2423.5
904,302,96,10.5,1008
904,120,96,1.5,144
905,47,16,4.5,72
905,35,134,16.5,2211
906,5,74,18.5,1369
906,47,84,4.5,378
906,126,16,6,96
907,174,92,4.5,414
907,153,118,20.5,2419
907,287,118,4.5,531
908,180,83,6,498
908,214,39,3.5,136.5
908,202,18,4.5,81
909,122,89,8,712
909,93,25,9.5,237.5
910,132,148,20.5,3034
910,236,77,3.5,269.5
910,262,80,3.5,280
910,242,106,5,530
911,73,51,63.5,3238.5
911,269,71,20.5,1455.5
911,303,128,10.5,1344
912,296,137,9,1233
912,131,43,5,215
913,224,58,2.5,145
914,272,135,4.5,607.5
914,251,23,3.5,80.5
914,69,23,61.5,1414.5
914,157,46,40.799999999999997,1876.8
915,68,61,62.5,3812.5
915,210,13,2.5,32.5
915,305,90,8,720
916,317,114,1.5,171
916,313,46,10.5,483
917,44,122,0.5,61
917,24,149,18.5,2756.5
917,157,148,40.799999999999997,6038.3999999999996
918,51,114,9.5,1083
918,84,69,23.5,1621.5
918,156,49,46.799999999999997,2293.1999999999998
919,154,16,293.5,4696
919,42,90,7,630
919,168,136,6,816
920,269,105,20.5,2152.5
920,211,108,3.5,378
921,96,19,2.5,47.5
921,22,116,61.5,7134
921,218,99,3.5,346.5
921,251,55,3.5,192.5
922,225,55,5,275
922,243,105,3.5,367.5
922,131,78,5,390
923,170,63,3.5,220.5
924,47,123,4.5,553.5
924,97,122,4.5,549
924,185,108,2.5,270
925,95,22,13.5,297
925,132,30,20.5,615
926,134,130,26.5,3445
926,259,38,2.5,95
927,45,44,1.5,66
927,70,47,72.5,3407.5
927,50,73,10.5,766.5
928,113,18,3.5,63
928,77,38,10.5,399
929,84,132,23.5,3102
930,32,26,23.5,611
930,111,60,9.5,570
930,261,103,2.5,257.5
931,138,24,34.5,828
931,272,24,4.5,108
931,44,47,0.5,23.5
931,286,144,3.5,504
932,246,88,4.5,396
932,72,40,72.5,2900
932,251,117,3.5,409.5
933,199,150,3.5,525
933,278,82,9,738
933,112,89,28.5,2536.5
933,300,17,10.5,178.5
934,123,46,15.5,713
934,211,33,3.5,115.5
935,30,97,22.5,2182.5
935,18,76,66.5,5054
935,244,130,5,650
935,24,105,18.5,1942.5
936,83,131,28.5,3733.5
809,311,46,5,230
809,228,52,3.5,182
810,22,148,61.5,9102
810,155,148,94.5,13986
810,243,134,3.5,469
811,83,69,28.5,1966.5
811,154,48,293.5,14088
811,296,102,9,918
812,297,63,10.5,661.5
812,107,110,18.5,2035
812,162,68,1.5,102
812,80,74,17.5,1295
813,189,32,9,288
813,7,133,15.5,2061.5
813,94,18,10.5,189
814,250,54,1.5,81
814,5,34,18.5,629
814,147,124,20.5,2542
815,148,86,20.5,1763
815,254,87,1.5,130.5
815,18,19,66.5,1263.5
816,65,95,18.5,1757.5
816,45,122,1.5,183
816,95,121,13.5,1633.5
817,72,86,72.5,6235
817,106,42,10.5,441
817,94,21,10.5,220.5
818,237,37,69.5,2571.5
818,46,83,4.5,373.5
818,126,16,6,96
819,76,49,14.5,710.5
819,56,76,1.5,114
820,83,40,28.5,1140
821,246,29,4.5,130.5
821,110,143,128.5,18375.5
821,43,55,3.5,192.5
822,117,62,3.5,217
823,164,138,5,690
823,144,27,19.5,526.5
823,278,26,9,234
823,49,49,12.5,612.5
824,192,65,1.5,97.5
824,18,17,66.5,1130.5
824,198,94,4.5,423
825,145,127,26.5,3365.5
825,284,85,3.5,297.5
825,118,91,7,637
826,311,49,5,245
827,142,31,25.5,790.5
828,44,87,0.5,43.5
828,269,141,20.5,2890.5
828,49,116,12.5,1450
937,11,17,18.5,314.5
937,91,87,9.5,826.5
937,8,94,15.5,1457
938,118,52,7,364
939,166,92,4.5,414
939,46,112,4.5,504
939,80,31,17.5,542.5
939,68,148,62.5,9250
940,303,118,10.5,1239
941,139,21,16.5,346.5
941,57,65,0.5,32.5
941,245,95,4.5,427.5
942,281,115,6,690
942,52,138,16.5,2277
942,294,97,10.5,1018.5
943,279,15,14.5,217.5
943,6,62,16.5,1023
944,133,34,6,204
944,128,104,3.5,364
944,46,110,4.5,495
945,269,59,20.5,1209.5
945,41,46,8,368
946,256,144,1.5,216
946,11,124,18.5,2294
947,266,65,9,585
948,256,109,1.5,163.5
948,174,115,4.5,517.5
949,283,74,1.5,111
949,101,36,8,288
949,189,59,9,531
949,114,19,4.5,85.5
950,241,27,6,162
950,21,104,66.5,6916
951,270,94,10.5,987
951,34,26,18.5,481
951,183,69,5,345
952,61,128,4.5,576
952,110,128,128.5,16448
952,198,114,4.5,513
953,121,49,9.5,465.5
953,109,28,14.5,406
953,251,82,3.5,287
954,42,82,7,574
955,143,87,21.5,1870.5
956,199,79,3.5,276.5
956,54,102,1.5,153
956,212,61,2.5,152.5
957,257,42,2.5,105
829,293,140,9.5,1330
829,56,72,1.5,108
829,290,79,1.5,118.5
830,83,37,28.5,1054.5
830,217,138,16.5,2277
830,305,23,8,184
830,231,120,1.5,180
831,42,128,7,896
831,137,68,45.799999999999997,3114.3999999999996
832,302,94,10.5,987
832,66,127,19.5,2476.5
833,113,65,3.5,227.5
833,93,92,9.5,874
834,240,74,5,370
834,120,57,1.5,85.5
834,154,12,293.5,3522
835,147,21,20.5,430.5
835,165,71,3.5,248.5
835,52,145,16.5,2392.5
836,260,50,16.5,825
836,201,53,3.5,185.5
836,181,80,6,480
837,12,25,44.799999999999997,1120
837,208,44,4.5,198
838,139,33,16.5,544.5
838,235,147,9,1323
838,253,59,2.5,147.5
839,239,144,3.5,504
839,111,36,9.5,342
839,52,39,16.5,643.5
839,32,102,23.5,2397
840,59,30,0.5,15
840,93,124,9.5,1178
841,86,133,29.5,3923.5
841,104,45,3.5,157.5
842,177,89,7,623
843,225,27,5,135
844,26,39,25.5,994.5
844,268,35,17.5,612.5
845,253,91,2.5,227.5
845,79,145,26.5,3842.5
845,258,121,3.5,423.5
846,186,42,1.5,63
846,20,48,60.5,2904
846,208,115,4.5,517.5
847,263,107,2.5,267.5
847,119,130,3.5,455
847,276,90,37.5,3375
847,240,109,5,545
848,87,98,31.5,3087
848,267,74,61.5,4551
849,195,98,4.5,441
849,274,131,7,917
850,301,96,11.5,1104
850,119,95,3.5,332.5
851,46,16,4.5,72
851,34,133,18.5,2460.5
852,261,47,2.5,117.5
852,303,57,10.5,598.5
853,147,88,20.5,1804
854,286,117,3.5,409.5
854,58,104,1.5,156
854,300,100,10.5,1050
855,201,18,3.5,63
855,111,71,9.5,674.5
856,112,33,28.5,940.5
856,154,80,293.5,23480
856,214,141,3.5,493.5
857,261,79,2.5,197.5
857,241,106,6,636
858,72,51,72.5,3697.5
858,268,70,17.5,1225
858,302,128,10.5,1344
859,295,136,9.5,1292
859,229,85,2.5,212.5
860,223,58,3.5,203
861,250,23,1.5,34.5
861,68,22,62.5,1375
861,156,45,46.799999999999997,2106
861,82,142,20.5,2911
862,67,60,27.5,1650
862,209,13,3.5,45.5
862,304,90,9,810
863,316,114,2.5,285
863,312,46,9.5,437
864,43,122,3.5,427
864,23,149,19.5,2905.5
864,156,148,46.799999999999997,6926.3999999999996
865,50,113,10.5,1186.5
865,83,69,28.5,1966.5
865,155,48,94.5,4536
866,94,128,10.5,1344
866,41,89,8,712
867,80,75,17.5,1312.5
867,268,105,17.5,1837.5
868,8,134,15.5,2077
869,217,99,16.5,1633.5
869,251,55,3.5,192.5
869,6,34,16.5,561
870,130,77,6,462
732,84,132,23.5,3102
733,195,97,4.5,436.5
734,243,35,3.5,122.5
735,24,38,18.5,703
735,266,34,9,306
736,251,90,3.5,315
736,77,144,10.5,1512
736,257,120,2.5,300
737,284,84,3.5,294
738,232,117,22.5,2632.5
738,211,144,3.5,504
738,261,106,2.5,265
739,238,108,15.5,1674
739,272,64,4.5,288
739,260,43,16.5,709.5
740,199,123,3.5,430.5
740,171,59,4.5,265.5
741,126,44,6,264
741,294,65,10.5,682.5
741,4,68,12.5,850
741,300,95,10.5,997.5
742,131,77,5,385
742,11,59,18.5,1091.5
742,44,15,0.5,7.5
743,38,24,29.5,708
743,287,74,4.5,333
743,259,47,2.5,117.5
744,145,88,26.5,2332
745,284,117,3.5,409.5
745,56,103,1.5,154.5
745,298,99,11.5,1138.5
746,199,17,3.5,59.5
746,109,71,14.5,1029.5
747,110,32,128.5,4112
747,152,79,10.5,829.5
747,232,149,22.5,3352.5
748,259,79,2.5,197.5
748,239,105,3.5,367.5
749,70,50,72.5,3625
749,266,70,9,630
749,300,127,10.5,1333.5
750,293,136,9.5,1292
750,227,84,6,504
751,139,100,16.5,1650
751,11,130,18.5,2405
752,154,44,293.5,12914
753,309,80,27.5,2200
753,65,60,18.5,1110
753,207,150,3.5,525
754,208,75,4.5,337.5
754,18,122,66.5,8113
754,14,54,46.799999999999997,2527.1999999999998
754,228,52,3.5,182
755,155,147,94.5,13891.5
755,242,134,5,670
755,168,93,6,558
755,48,112,5,560
756,295,101,9.5,959.5
756,75,77,37.5,2887.5
757,102,42,10.5,441
757,20,48,60.5,2904
757,207,78,3.5,273
758,6,133,16.5,2194.5
759,215,98,5,490
870,255,87,2.5,217.5
870,19,20,72.5,1450
871,66,96,19.5,1872
871,46,122,4.5,549
871,96,122,2.5,305
872,73,87,63.5,5524.5
872,107,43,18.5,795.5
872,95,22,13.5,297
873,252,59,3.5,206.5
873,140,133,4.5,598.5
873,266,41,9,369
873,29,111,24.5,2719.5
874,77,50,10.5,525
874,56,76,1.5,114
875,120,21,1.5,31.5
875,83,41,28.5,1168.5
876,247,29,1.5,43.5
876,110,143,128.5,18375.5
876,25,47,23.5,1104.5
877,118,63,7,441
878,145,27,26.5,715.5
878,279,27,14.5,391.5
878,50,50,10.5,525
878,292,147,3.5,514.5
879,193,65,5,325
879,19,17,72.5,1232.5
879,199,95,3.5,332.5
880,205,15,3.5,52.5
880,285,85,2.5,212.5
880,119,91,3.5,318.5
880,306,20,9,180
881,130,49,6,294
881,217,35,16.5,577.5
882,57,108,0.5,54
883,30,108,22.5,2430
883,280,20,20.5,410
759,249,54,3.5,189
759,4,33,12.5,412.5
760,260,113,16.5,1864.5
760,147,85,20.5,1742.5
761,39,92,22.5,2070
761,64,95,21.5,2042.5
762,182,107,68.5,7329.5
762,107,103,18.5,1905.5
762,71,86,61.5,5289
763,234,75,15.5,1162.5
764,236,36,3.5,126
764,45,83,1.5,124.5
764,125,15,4.5,67.5
765,75,49,37.5,1837.5
765,55,75,1.5,112.5
766,118,20,7,140
766,82,40,20.5,820
767,109,142,14.5,2059
768,56,37,1.5,55.5
768,136,70,27.5,1925
768,285,114,2.5,285
768,137,135,45.799999999999997,6183
769,277,26,3.5,91
770,170,129,3.5,451.5
770,204,85,4.5,382.5
770,191,64,9,576
770,17,17,56.799999999999997,965.59999999999991
771,102,116,10.5,1218
771,144,126,19.5,2457
771,224,58,2.5,145
771,58,65,1.5,97.5
772,310,49,22.5,1102.5
773,141,31,2.5,77.5
774,43,87,3.5,304.5
774,268,140,17.5,2450
774,48,116,5,580
775,75,81,37.5,3037.5
775,309,87,27.5,2392.5
775,77,145,10.5,1522.5
775,103,148,3.5,518
776,304,22,9,198
776,230,120,2.5,300
776,109,139,14.5,2015.5
776,143,58,21.5,1247
777,136,67,27.5,1842.5
777,70,16,72.5,1160
777,42,90,7,630
777,84,136,23.5,3196
778,170,62,3.5,217
779,226,91,5,455
779,313,114,10.5,1197
779,239,73,3.5,255.5
780,224,129,2.5,322.5
780,50,82,10.5,861
780,146,21,19.5,409.5
780,164,71,5,355
781,173,123,7,861
781,91,130,9.5,1235
782,180,79,6,474
782,314,79,13.5,1066.5
783,207,44,3.5,154
784,138,33,34.5,1138.5
784,234,147,15.5,2278.5
784,252,59,3.5,206.5
785,179,118,10.5,1239
785,110,36,128.5,4626
785,52,39,16.5,643.5
786,253,88,2.5,220
786,179,47,10.5,493.5
787,164,103,5,515
787,306,55,9,495
787,85,132,28.5,3762
788,117,27,3.5,94.5
789,198,23,4.5,103.5
789,224,26,2.5,65
789,204,53,4.5,238.5
789,253,52,2.5,130
790,231,18,1.5,27
791,78,144,31.5,4536
791,258,120,3.5,420
791,191,32,9,288
792,285,85,2.5,212.5
793,212,144,2.5,360
793,262,107,3.5,374.5
793,118,130,7,910
794,273,64,17.5,1120
794,261,44,2.5,110
794,86,97,29.5,2861.5
795,172,59,3.5,206.5
795,213,106,3.5,371
795,293,139,9.5,1320.5
796,5,69,18.5,1276.5
796,300,95,10.5,997.5
797,132,77,20.5,1578.5
797,11,60,18.5,1110
797,45,16,1.5,24
798,39,25,22.5,562.5
798,288,75,1.5,112.5
798,260,47,16.5,775.5
799,274,21,7,147
663,203,96,3.5,336
664,150,129,27.5,3547.5
664,289,87,5,435
664,122,93,8,744
665,316,51,2.5,127.5
666,27,16,17.5,280
667,274,143,7,1001
667,54,118,1.5,177
667,303,31,10.5,325.5
668,61,74,4.5,333
668,295,81,9.5,769.5
668,82,148,20.5,3034
668,108,13,18.5,240.5
669,309,25,27.5,687.5
669,235,122,9,1098
669,115,142,7,994
669,149,61,18.5,1128.5
670,142,70,25.5,1785
670,76,18,14.5,261
670,47,92,4.5,414
670,89,139,9,1251
671,118,67,7,469
671,97,94,4.5,423
672,245,76,4.5,342
672,124,59,7,413
672,158,14,105.5,1477
673,151,23,10.5,241.5
673,169,73,8,584
673,57,147,0.5,73.5
674,96,132,2.5,330
674,264,52,9,468
674,206,55,2.5,137.5
675,91,68,9.5,646
675,17,27,56.799999999999997,1533.5999999999999
675,213,46,3.5,161
676,144,35,19.5,682.5
676,240,149,5,745
676,257,61,2.5,152.5
677,185,120,2.5,300
677,56,12,1.5,18
677,314,15,13.5,202.5
678,258,90,3.5,315
678,184,49,0.5,24.5
679,169,105,8,840
679,311,58,5,290
679,91,135,9.5,1282.5
680,122,29,8,232
681,223,34,3.5,119
681,229,29,2.5,72.5
681,209,55,3.5,192.5
681,259,55,2.5,137.5
682,236,20,3.5,70
682,270,114,10.5,1197
683,263,123,2.5,307.5
683,197,35,9,315
683,85,108,28.5,3078
683,210,17,2.5,42.5
684,312,22,9.5,209
684,238,120,15.5,1860
684,218,146,3.5,511
685,281,92,6,552
685,245,111,4.5,499.5
685,278,67,9,603
685,266,46,9,414
686,177,62,7,434
686,219,108,3.5,378
686,299,142,12.5,1775
687,30,80,22.5,1800
687,10,106,16.5,1749
688,137,79,45.799999999999997,3618.1999999999998
688,17,62,56.799999999999997,3521.5999999999999
688,51,18,9.5,171
689,44,27,0.5,13.5
689,294,77,10.5,808.5
689,266,49,9,441
690,221,136,7,952
800,152,118,10.5,1239
800,285,117,2.5,292.5
800,57,103,0.5,51.5
801,200,17,2.5,42.5
801,110,71,128.5,9123.5
802,111,33,9.5,313.5
802,153,79,20.5,1619.5
802,233,149,19.5,2905.5
803,260,79,16.5,1303.5
803,240,105,5,525
804,71,51,61.5,3136.5
804,267,70,61.5,4305
804,301,127,11.5,1460.5
805,294,136,10.5,1428
805,228,85,3.5,297.5
806,222,58,2.5,145
807,270,134,10.5,1407
807,249,22,3.5,77
807,67,22,27.5,605
807,155,45,94.5,4252.5
808,66,60,19.5,1170
808,208,12,4.5,54
809,209,75,3.5,262.5
809,19,122,72.5,8845
690,93,65,9.5,617.5
690,118,68,7,476
690,98,94,1.5,141
691,304,102,9,918
691,184,85,0.5,42.5
691,218,40,3.5,140
692,211,49,3.5,171.5
692,145,99,26.5,2623.5
693,156,20,46.799999999999997,936
694,265,116,9,1044
694,83,79,28.5,2251.5
694,151,94,10.5,987
695,306,130,9,1170
695,294,109,10.5,1144.5
696,233,87,19.5,1696.5
696,205,23,3.5,80.5
696,247,70,1.5,105
696,10,103,16.5,1699.5
697,58,41,1.5,61.5
697,37,68,18.5,1258
698,86,144,29.5,4248
698,282,127,6,762
699,213,15,3.5,52.5
699,309,92,27.5,2530
700,24,124,18.5,2294
700,20,57,60.5,3448.5
701,27,13,17.5,227.5
701,161,12,3.5,42
701,249,136,3.5,476
702,88,71,993.5,70538.5
702,160,50,46.799999999999997,2340
702,302,104,10.5,1092
703,113,112,3.5,392
703,108,44,18.5,814
704,215,110,5,550
704,194,35,5,175
704,12,136,44.799999999999997,6092.7999999999993
705,221,101,7,707
705,255,57,2.5,142.5
705,11,36,18.5,666
706,266,116,9,1044
706,154,88,293.5,25828
707,193,73,5,365
708,51,124,9.5,1178
708,100,124,2.5,310
708,188,110,14.5,1595
709,111,45,9.5,427.5
709,99,24,20.5,492
709,241,78,6,468
710,242,39,5,195
710,52,86,16.5,1419
710,132,18,20.5,369
711,74,48,52.799999999999997,2534.3999999999996
711,54,75,1.5,112.5
712,117,20,3.5,70
712,81,39,17.5,682.5
713,108,142,18.5,2627
714,55,36,1.5,54
714,135,70,31.5,2205
714,285,113,2.5,282.5
714,137,135,45.799999999999997,6183
715,276,26,37.5,975
716,169,129,8,1032
716,203,84,3.5,294
716,191,64,9,576
716,16,16,61.5,984
717,102,116,10.5,1218
717,143,126,21.5,2709
717,223,58,3.5,203
717,57,64,0.5,32
718,309,48,27.5,1320
719,140,30,4.5,135
720,42,86,7,602
720,267,140,61.5,8610
720,47,116,4.5,522
721,74,80,52.799999999999997,4224
721,308,87,9,783
721,76,145,14.5,2102.5
721,102,148,10.5,1554
722,303,22,10.5,231
722,229,119,2.5,297.5
722,108,139,18.5,2571.5
722,142,58,25.5,1479
723,135,67,31.5,2110.5
723,69,16,61.5,984
723,41,89,8,712
723,83,136,28.5,3876
724,268,105,17.5,1837.5
724,111,65,9.5,617.5
725,312,114,9.5,1083
725,238,73,15.5,1131.5
725,118,56,7,392
726,49,81,12.5,1012.5
726,145,20,26.5,530
726,163,70,15.5,1085
726,50,144,10.5,1512
727,90,129,10.5,1354.5
727,277,58,3.5,203
727,200,52,2.5,130
728,85,65,28.5,1852.5
590,259,141,2.5,352.5
591,98,39,1.5,58.5
591,86,18,29.5,531
591,287,134,4.5,603
592,98,106,1.5,159
592,177,38,7,266
592,11,44,18.5,814
593,204,141,4.5,634.5
593,22,140,61.5,8610
593,110,126,128.5,16191
594,265,61,9,549
594,253,40,2.5,100
594,163,94,15.5,1457
595,186,94,1.5,141
595,266,26,9,234
596,313,102,10.5,1071
596,293,129,9.5,1225.5
596,110,91,128.5,11693.5
597,4,93,12.5,1162.5
597,38,12,29.5,354
598,31,21,23.5,493.5
598,181,64,6,384
598,153,138,20.5,2829
599,192,123,1.5,184.5
599,64,15,21.5,322.5
600,207,67,3.5,234.5
600,133,27,6,162
601,118,83,7,581
601,260,35,16.5,577.5
601,39,112,22.5,2520
602,51,136,9.5,1292
602,47,68,4.5,306
602,280,75,20.5,1537.5
603,74,33,52.799999999999997,1742.3999999999999
603,207,32,3.5,112
603,295,19,9.5,180.5
603,221,116,7,812
604,32,124,23.5,2914
604,128,100,3.5,350
605,218,20,3.5,70
605,214,91,3.5,318.5
605,131,97,5,485
606,241,55,6,330
606,59,18,0.5,9
606,146,41,19.5,799.5
606,72,138,72.5,10005
607,57,56,0.5,28
607,199,147,3.5,514.5
608,200,108,2.5,270
608,306,110,9,990
608,70,42,72.5,3045
608,220,85,3.5,297.5
609,97,144,4.5,648
609,147,144,20.5,2952
609,235,130,9,1170
610,158,65,105.5,6857.5
610,146,44,19.5,858
610,287,98,4.5,441
611,71,126,61.5,7749
612,78,46,31.5,1449
612,158,117,105.5,12343.5
612,75,123,37.5,4612.5
612,179,52,10.5,546
613,299,35,12.5,437.5
613,70,58,72.5,4205
614,226,94,5,470
614,213,74,3.5,259
615,55,147,1.5,220.5
615,27,83,17.5,1452.5
616,46,60,4.5,270
617,156,119,46.799999999999997,5569.1999999999998
617,289,119,5,595
617,61,142,4.5,639
618,275,66,18.5,1221
618,31,45,23.5,1057.5
618,173,135,7,945
619,154,52,293.5,15262
619,280,98,20.5,2009
619,276,30,37.5,1125
620,7,106,15.5,1643
620,205,90,3.5,315
620,22,89,61.5,5473.5
621,265,148,9,1332
621,21,128,66.5,8512
622,257,61,2.5,152.5
622,144,134,19.5,2613
622,270,43,10.5,451.5
622,266,113,9,1017
728,11,24,18.5,444
729,312,117,9.5,1111.5
729,138,32,34.5,1104
729,233,146,19.5,2847
729,251,58,3.5,203
730,260,111,16.5,1831.5
730,178,117,18.5,2164.5
731,164,64,5,320
731,252,87,3.5,304.5
731,178,46,18.5,851
732,163,102,15.5,1581
732,305,55,8,440
623,56,41,1.5,61.5
623,36,104,37.5,3900
624,183,49,5,245
624,63,32,32.5,1040
624,97,125,4.5,562.5
625,90,134,10.5,1407
625,108,46,18.5,851
626,181,90,6,540
627,228,28,3.5,98
628,30,41,22.5,922.5
628,271,37,9.5,351.5
629,82,146,20.5,2993
629,262,122,3.5,427
629,196,34,3.5,119
630,190,43,9.5,408.5
630,24,50,18.5,925
630,211,117,3.5,409.5
631,267,109,61.5,6703.5
631,122,132,8,1056
631,280,91,20.5,1865.5
631,244,111,5,555
632,91,99,9.5,940.5
632,271,75,9.5,712.5
633,198,99,4.5,445.5
633,278,133,9,1197
634,9,71,14.5,1029.5
634,305,97,8,776
635,136,79,27.5,2172.5
635,16,62,61.5,3813
635,50,18,10.5,189
636,43,27,3.5,94.5
636,36,102,37.5,3825
636,8,75,15.5,1162.5
637,151,90,10.5,945
638,290,119,1.5,178.5
638,62,105,7,735
638,303,101,10.5,1060.5
639,205,19,3.5,66.5
639,114,73,4.5,328.5
640,96,26,2.5,65
640,138,73,34.5,2518.5
640,218,143,3.5,500.5
641,265,81,9,729
641,245,107,4.5,481.5
642,76,53,14.5,768.5
642,272,72,4.5,324
642,305,129,8,1032
643,299,138,12.5,1725
643,232,87,22.5,1957.5
644,227,60,6,360
645,274,136,7,952
645,254,24,1.5,36
645,72,24,72.5,1740
645,160,47,46.799999999999997,2199.5999999999999
646,71,62,61.5,3813
646,212,14,2.5,35
646,308,92,9,828
647,4,115,12.5,1437.5
647,315,48,1.5,72
648,47,124,4.5,558
648,26,12,25.5,306
648,160,150,46.799999999999997,7020
649,53,115,3.5,402.5
649,87,71,31.5,2236.5
649,159,50,45.799999999999997,2290
650,98,130,1.5,195
650,45,91,1.5,136.5
651,84,76,23.5,1786
651,272,106,4.5,477
652,11,135,18.5,2497.5
653,220,100,3.5,350
653,254,56,1.5,84
653,10,36,16.5,594
654,265,115,9,1035
654,133,79,6,474
655,173,64,7,448
656,100,123,2.5,307.5
656,187,110,10.5,1155
656,113,106,3.5,371
657,98,24,1.5,36
657,240,77,5,385
658,269,43,20.5,881.5
658,33,113,22.5,2542.5
658,183,119,5,595
658,55,48,1.5,72
659,110,40,128.5,5140
659,282,63,6,378
660,121,136,9.5,1292
660,109,115,14.5,1667.5
661,48,57,5,285
661,20,131,60.5,7925.5
661,42,31,7,217
661,122,64,8,512
662,169,140,8,1120
662,149,29,18.5,536.5
662,282,28,6,168
662,54,51,1.5,76.5
663,209,87,3.5,304.5
663,197,67,9,603
663,23,19,19.5,370.5
516,103,41,3.5,143.5
516,91,20,9.5,190
516,317,111,1.5,166.5
517,24,110,18.5,2035
517,104,144,3.5,504
518,151,82,10.5,861
518,131,108,5,540
519,278,90,9,810
519,158,73,105.5,7701.5
519,191,29,9,261
519,263,146,2.5,365
520,202,88,4.5,396
520,149,49,18.5,906.5
521,188,35,14.5,507.5
522,298,131,11.5,1506.5
522,115,130,7,910
522,203,117,3.5,409.5
523,42,51,7,357
523,114,30,4.5,135
523,256,84,1.5,126
524,238,37,15.5,573.5
524,47,84,4.5,378
524,43,16,3.5,56
525,90,55,10.5,577.5
525,70,119,72.5,8627.5
526,97,47,4.5,211.5
526,131,140,5,700
527,124,149,7,1043
527,142,61,25.5,1555.5
528,136,71,27.5,1952.5
528,286,114,3.5,399
528,158,144,105.5,15192
528,184,147,0.5,73.5
529,301,21,11.5,241.5
530,224,94,2.5,235
530,212,73,2.5,182.5
530,38,127,29.5,3746.5
530,218,103,3.5,360.5
531,145,127,26.5,3365.5
531,225,59,5,295
532,272,135,4.5,607.5
532,252,23,3.5,80.5
532,302,124,10.5,1302
532,157,147,40.799999999999997,5997.5999999999995
533,300,61,10.5,640.5
533,126,115,6,690
533,306,91,9,819
534,253,123,2.5,307.5
534,76,44,14.5,638
535,123,120,15.5,1860
535,103,147,3.5,514.5
535,237,146,69.5,10147
536,130,112,6,672
536,164,67,5,335
536,151,47,10.5,493.5
536,293,137,9.5,1301.5
537,62,99,7,693
537,104,109,3.5,381.5
537,184,41,0.5,20.5
538,211,108,3.5,378
538,191,135,9,1215
538,9,134,14.5,1943
539,218,99,3.5,346.5
539,252,55,3.5,192.5
539,240,35,5,175
540,179,114,10.5,1197
540,151,50,10.5,525
541,91,130,9.5,1235
541,194,58,5,290
541,220,61,3.5,213.5
542,105,74,9.5,703
542,31,33,23.5,775.5
543,158,41,105.5,4325.5
543,254,119,1.5,178.5
543,188,67,14.5,971.5
544,281,83,6,498
544,199,126,3.5,441
545,288,39,1.5,58.5
546,119,21,3.5,73.5
546,315,142,1.5,213
547,246,29,4.5,130.5
547,26,106,25.5,2703
548,57,139,0.5,69.5
548,53,71,3.5,248.5
548,287,78,4.5,351
549,139,61,16.5,1006.5
550,286,145,3.5,507.5
550,166,26,4.5,117
551,193,129,5,645
552,224,23,2.5,57.5
552,220,93,3.5,325.5
552,138,100,34.5,3450
553,228,49,3.5,171.5
553,45,12,1.5,18
553,133,35,6,210
554,288,71,1.5,106.5
554,44,51,0.5,25.5
554,186,141,1.5,211.5
555,313,112,10.5,1176
555,76,45,14.5,652.5
444,159,67,45.799999999999997,3068.5999999999999
444,77,73,10.5,766.5
444,265,103,9,927
444,207,106,3.5,371
445,92,17,10.5,178.5
445,18,114,66.5,7581
445,213,97,3.5,339.5
445,247,53,1.5,79.5
446,299,88,12.5,1100
446,1,138,16.5,2277
446,205,110,3.5,385
446,15,120,66.5,7980
555,226,88,5,440
556,5,104,18.5,1924
556,55,104,1.5,156
557,32,69,23.5,1621.5
557,66,25,19.5,487.5
557,54,142,1.5,213
558,309,84,27.5,2310
559,86,136,29.5,4012
559,236,143,3.5,500.5
560,93,92,9.5,874
560,143,55,21.5,1182.5
561,154,13,293.5,3815.5
561,142,130,25.5,3315
562,81,71,17.5,1242.5
563,174,87,4.5,391.5
563,8,130,15.5,2015
564,260,78,16.5,1287
564,78,77,31.5,2425.5
565,5,136,18.5,2516
565,309,116,27.5,3190
566,248,57,1.5,85.5
566,220,29,3.5,101.5
566,262,39,3.5,136.5
566,25,110,23.5,2585
567,73,48,63.5,3048
567,33,66,22.5,1485
568,180,47,6,282
568,60,30,16.5,495
569,307,19,9.5,180.5
569,87,133,31.5,4189.5
569,21,45,66.5,2992.5
570,114,98,4.5,441
571,56,128,1.5,192
571,36,16,37.5,600
571,170,117,3.5,409.5
572,63,119,32.5,3867.5
572,97,38,4.5,171
572,84,17,23.5,399.5
573,24,134,18.5,2479
573,311,69,5,345
574,222,85,2.5,212.5
574,164,88,5,440
575,30,128,22.5,2880
575,271,87,9.5,826.5
575,151,70,10.5,735
576,178,35,18.5,647.5
576,196,85,3.5,297.5
576,84,21,23.5,493.5
577,123,144,15.5,2232
577,311,73,5,365
577,252,76,3.5,266
577,232,102,22.5,2295
578,122,73,8,584
578,2,92,17.5,1610
578,36,48,37.5,1800
579,47,107,4.5,481.5
579,251,43,3.5,150.5
580,290,28,1.5,42
581,217,87,16.5,1435.5
581,305,110,8,880
581,230,69,2.5,172.5
582,196,117,3.5,409.5
582,22,69,61.5,4243.5
582,118,146,7,1022
582,135,58,31.5,1827
583,228,111,3.5,388.5
583,62,16,7,112
584,305,75,8,600
584,77,61,10.5,640.5
585,218,91,3.5,318.5
585,206,70,2.5,175
585,31,124,23.5,2914
585,211,100,3.5,350
586,158,132,105.5,13926
586,238,64,15.5,992
586,72,71,72.5,5147.5
587,265,29,9,261
587,315,130,1.5,195
587,171,15,4.5,67.5
587,12,112,44.799999999999997,5017.5999999999995
588,294,58,10.5,609
588,120,112,1.5,168
589,205,74,3.5,259
589,247,120,1.5,180
589,10,16,16.5,264
589,160,59,46.799999999999997,2761.1999999999998
590,37,118,18.5,2183
590,171,118,4.5,531
447,116,126,8,1008
447,142,128,25.5,3264
447,121,17,9.5,161.5
448,185,137,2.5,342.5
448,148,120,20.5,2460
448,182,75,68.5,5137.5
448,170,55,3.5,192.5
449,89,126,9,1134
449,293,61,9.5,579.5
450,204,113,4.5,508.5
450,230,116,2.5,290
451,273,88,17.5,1540
451,237,108,69.5,7506
451,270,63,10.5,661.5
451,258,43,3.5,150.5
452,197,122,9,1098
452,71,15,61.5,922.5
453,26,138,25.5,3519
453,214,30,3.5,105
453,239,33,3.5,115.5
454,125,82,4.5,369
454,50,42,10.5,441
455,93,50,9.5,475
455,273,127,17.5,2222.5
455,207,39,3.5,136.5
456,281,83,6,498
457,12,21,44.799999999999997,940.79999999999995
458,213,33,3.5,115.5
458,198,55,4.5,247.5
459,99,111,20.5,2275.5
459,9,27,14.5,391.5
459,105,141,9.5,1339.5
459,38,53,29.5,1563.5
460,132,105,20.5,2152.5
460,49,112,12.5,1400
461,159,70,45.799999999999997,3206
461,292,33,3.5,115.5
462,166,26,4.5,117
462,200,83,2.5,207.5
462,187,62,10.5,651
462,97,15,4.5,67.5
463,98,114,1.5,171
463,140,23,4.5,103.5
464,267,133,61.5,8179.5
464,247,21,1.5,31.5
464,65,21,18.5,388.5
464,55,139,1.5,208.5
465,282,16,6,96
465,108,107,18.5,1979.5
466,109,32,14.5,464
466,235,78,9,702
466,230,148,2.5,370
467,278,87,9,783
467,257,113,2.5,282.5
467,75,113,37.5,4237.5
468,265,69,9,621
468,298,25,11.5,287.5
469,292,34,3.5,119
469,309,84,27.5,2310
470,3,136,18.5,2516
470,236,143,3.5,500.5
471,30,101,22.5,2272.5
471,163,64,15.5,992
472,150,149,27.5,4097.5
472,221,128,7,896
473,160,70,46.799999999999997,3276
474,254,122,1.5,183
474,88,27,993.5,26824.5
475,281,87,6,522
475,15,86,66.5,5719
476,6,136,16.5,2244
476,310,116,22.5,2610
477,249,57,3.5,199.5
477,137,131,45.799999999999997,5999.7999999999993
477,262,40,3.5,140
477,26,110,25.5,2805
478,73,48,63.5,3048
478,53,75,3.5,262.5
479,116,20,8,160
479,80,39,17.5,682.5
480,145,123,26.5,3259.5
480,9,99,14.5,1435.5
481,272,131,4.5,589.5
481,36,27,37.5,1012.5
481,185,70,2.5,175
482,63,129,32.5,4192.5
482,196,129,3.5,451.5
482,284,14,3.5,49
483,104,41,3.5,143.5
483,91,21,9.5,199.5
483,233,111,19.5,2164.5
484,2,72,17.5,1260
484,44,82,0.5,41
484,124,15,7,105
485,151,117,10.5,1228.5
485,285,117,2.5,292.5
485,56,103,1.5,154.5
486,212,38,2.5,95
486,199,17,3.5,59.5
486,109,71,14.5,1029.5
487,169,58,8,464
487,211,105,3.5,367.5
487,291,37,1.5,55.5
488,22,113,61.5,6949.5
488,2,140,17.5,2450
488,136,102,27.5,2805
489,29,104,24.5,2548
489,63,23,32.5,747.5
489,51,141,9.5,1339.5
490,286,110,3.5,385
491,297,31,10.5,325.5
491,169,61,8,488
491,111,64,9.5,608
492,312,113,9.5,1073.5
492,238,73,15.5,1131.5
492,117,55,3.5,192.5
493,49,81,12.5,1012.5
493,144,20,19.5,390
493,162,70,1.5,105
493,266,100,9,900
494,177,14,7,98
494,119,17,3.5,59.5
494,99,44,20.5,902
495,246,127,4.5,571.5
496,231,82,1.5,123
496,57,135,0.5,67.5
496,153,111,20.5,2275.5
497,164,135,5,675
497,160,67,46.799999999999997,3135.5999999999999
497,78,74,31.5,2331
498,187,32,10.5,336
498,5,133,18.5,2460.5
498,93,18,9.5,171
499,248,54,1.5,81
499,4,33,12.5,412.5
499,145,123,26.5,3259.5
500,147,85,20.5,1742.5
500,16,121,61.5,7441.5
500,95,53,13.5,715.5
501,143,129,21.5,2773.5
501,122,17,8,136
501,172,17,3.5,59.5
502,149,120,18.5,2220
502,183,76,5,380
502,171,55,4.5,247.5
502,313,109,10.5,1144.5
503,294,62,10.5,651
503,104,109,3.5,381.5
503,184,41,0.5,20.5
504,211,143,3.5,500.5
504,260,106,16.5,1749
504,116,129,8,1032
505,173,21,7,147
505,161,138,3.5,483
506,100,80,2.5,200
507,193,96,5,480
507,27,139,17.5,2432.5
508,200,52,2.5,130
509,32,33,23.5,775.5
509,227,16,6,96
510,134,67,26.5,1775.5
510,314,145,13.5,1957.5
510,247,57,1.5,85.5
511,25,109,23.5,2561.5
511,174,116,4.5,522
512,166,65,4.5,292.5
512,253,51,2.5,127.5
513,93,124,9.5,1178
514,20,45,60.5,2722.5
514,307,118,9.5,1121
